<step title="Incoming Request" date="2025-08-28T16:21:36.446" instance="7f1a8d" url="/api/zipdeploy?isAsync=true" method="POST" type="request" pid="820,1,5" Accept="*/*" Host="samdashboardapi.scm.azurewebsites.net" User-Agent="AZURECLI/2.76.0 (MSI)" Accept-Encoding="gzip, deflate" Authorization="Bea..." Cache-Control="no-cache" Content-Type="application/octet-stream" Cookie="ARRAffinity=7f1a8d376a83fdb83d78d08c3afa570b9eb71dbd4ed444b8e2a36ca0d9c4345c; ARRAffinitySameSite=7f1a8d376a83fdb83d78d08c3afa570b9eb71dbd4ed444b8e2a36ca0d9c4345c" Content-Length="10261343" x-ms-client-request-id="0d0ee827-842b-11f0-a070-fcb0de71a262" x-ms-artifact-checksum="ba32aff80c74066af2845f7e273b40e5922a2d3dd593950a4b8c1c6127cbd670" X-ARR-LOG-ID="0d0ee827-842b-11f0-a070-fcb0de71a262" CLIENT-IP="102.66.125.105:52624" X-SITE-DEPLOYMENT-ID="samdashboardapi" WAS-DEFAULT-HOSTNAME="samdashboardapi.scm.azurewebsites.net" X-Forwarded-Proto="https" X-AppService-Proto="https" X-Forwarded-TlsVersion="1.3" X-WAWS-Unencoded-URL="/api/zipdeploy?isAsync=true" X-Client-IP="102.66.125.105" X-Client-Port="52624" >
  <step title="ZipPushDeploy" date="2025-08-28T16:21:36.451" >
    <step title="ZipDeploy. Extract zip." date="2025-08-28T16:21:36.455" /><!-- duration: 1ms -->
    <step title="Starting PushDeployAsync" date="2025-08-28T16:21:36.458" /><!-- duration: 1ms -->
    <step title="Writing artifact to /tmp/zipdeploy/8bbc071a-ffd8-494c-b74f-7479bb097377.zip" date="2025-08-28T16:21:36.463" >
      <step title="Writing multipart request body to /tmp/zipdeploy/8bbc071a-ffd8-494c-b74f-7479bb097377.zip" date="2025-08-28T16:21:36.464" /><!-- duration: 1ms -->
    </step><!-- duration: 395ms -->
    <step title="Start deployment in the background" date="2025-08-28T16:21:36.861" >
      <step title="Acquiring Deployment Lock" date="2025-08-28T16:21:36.876" /><!-- duration: 1ms -->
      <step title="Acquired Deployment Lock" date="2025-08-28T16:21:36.899" /><!-- duration: 1ms -->
    </step><!-- duration: 115ms -->
  </step><!-- duration: 526ms -->
  <step title="Outgoing response" date="2025-08-28T16:21:36.980" type="response" statusCode="202" statusText="Accepted" /><!-- duration: 2ms -->
</step><!-- duration: 537ms -->
