<step title="BackgroundTrace" date="2025-08-28T08:32:34.217" instance="cffa60" url="/api/publish" method="POST" >
  <step title="Cleanup Xml Logs" date="2025-08-28T08:32:34.220" /><!-- duration: 7ms -->
  <step title="Creating temporary deployment - FetchDeploymentManager" date="2025-08-28T08:32:34.286" /><!-- duration: 3ms -->
  <step title="Creating temporary deployment" date="2025-08-28T08:32:34.293" /><!-- duration: 66ms -->
  <step title="Performing fetch based deployment" date="2025-08-28T08:32:34.419" >
    <step title="Cleaning up temp folders from previous zip deployments and extracting pushed zip file /tmp/zipdeploy/bc4ca86d-db18-47e6-86c9-a2cc72b19b05.zip (135.45 MB) to /tmp/zipdeploy/extracted" date="2025-08-28T08:32:35.584" >
      <step title="ChmodRecursive Process exited with total time taken in ms: 345" date="2025-08-28T08:32:42.076" /><!-- duration: 7ms -->
    </step><!-- duration: 6503ms -->
    <step title="Deployment timer started" date="2025-08-28T08:32:44.097" >
      <step title="DeploymentManager.Deploy(id:5f344495-c4a6-4ca3-9ef5-1b7662731e94)" date="2025-08-28T08:32:44.102" >
        <step title="Collecting changeset information" date="2025-08-28T08:32:44.115" /><!-- duration: 85ms -->
        <step title="Updating submodules" date="2025-08-28T08:32:44.206" /><!-- duration: 1098ms -->
        <step title="Determining deployment builder" date="2025-08-28T08:32:45.473" >
          <step title="Builder is OneDeployBuilder" date="2025-08-28T08:32:45.484" /><!-- duration: 3ms -->
        </step><!-- duration: 18ms -->
        <step title="PreDeployment: context.CleanOutputPath False" date="2025-08-28T08:32:45.523" >
          <step title="PreDeployment: context.OutputPath /home/site/wwwroot" date="2025-08-28T08:32:45.608" >
            <step title="Building" date="2025-08-28T08:32:45.732" >
              <step title="Executing external process" date="2025-08-28T08:32:46.295" type="process" path="starter.sh" arguments="/opt/Kudu/Scripts/absoluteTar.sh /tmp/zipdeploy/extracted/node_modules /tmp/zipdeploy/extracted/node_modules.tar.gz" /><!-- duration: 12011ms -->
              <step title="Executing external process" date="2025-08-28T08:32:58.528" type="process" path="starter.sh" arguments="/opt/Kudu/Scripts/parallel_rsync.sh /tmp/zipdeploy/extracted /home/site/wwwroot 8 /tmp/ False False node_modules " /><!-- duration: 4687ms -->
              <step title="Modified file to trigger a restart of the app container." date="2025-08-28T08:33:03.985" /><!-- duration: 3ms -->
              <step title="Skip function trigger and logicapp sync because function is not enabled." date="2025-08-28T08:33:03.994" /><!-- duration: 3ms -->
            </step><!-- duration: 18829ms -->
          </step><!-- duration: 18962ms -->
          <step title="Cleaning up temp files" date="2025-08-28T08:33:04.574" /><!-- duration: 4ms -->
          <step title="Cleaning up temp files" date="2025-08-28T08:33:04.581" /><!-- duration: 505ms -->
          <step title="Reloading status file with latest updates" date="2025-08-28T08:33:05.115" >
            <step title="WebHooksManager.PublishEventAsync: PostDeployment" date="2025-08-28T08:33:05.119" /><!-- duration: 36ms -->
          </step><!-- duration: 43ms -->
          <step title="Cleaning up temporary deployment - fetch deployment was successful" date="2025-08-28T08:33:05.163" /><!-- duration: 3ms -->
        </step><!-- duration: 19719ms -->
      </step><!-- duration: 21158ms -->
