<step title="Incoming Request" date="2025-08-28T16:25:24.687" instance="7f1a8d" url="/api/deployments/latest" method="GET" type="request" pid="820,1,26" Accept="*/*" Host="samdashboardapi.scm.azurewebsites.net" User-Agent="AZURECLI/2.76.0 (MSI)" Accept-Encoding="gzip, deflate" Authorization="Bea..." x-ms-client-request-id="94a1f8c0-842b-11f0-8aa8-fcb0de71a262" X-ARR-LOG-ID="94a1f8c0-842b-11f0-8aa8-fcb0de71a262" CLIENT-IP="102.66.125.105:52666" X-SITE-DEPLOYMENT-ID="samdashboardapi" WAS-DEFAULT-HOSTNAME="samdashboardapi.scm.azurewebsites.net" X-Forwarded-Proto="https" X-AppService-Proto="https" X-Forwarded-TlsVersion="1.3" X-WAWS-Unencoded-URL="/api/deployments/latest" X-Client-IP="102.66.125.105" X-Client-Port="52666" >
  <step title="Cleanup Xml Logs" date="2025-08-28T16:25:24.689" >
    <step title="Cleanup Infos" date="2025-08-28T16:25:24.694" totalFiles="262" totalCleanup="102" /><!-- duration: 1ms -->
  </step><!-- duration: 7ms -->
  <step title="DeploymentService.GetResult" date="2025-08-28T16:25:24.699" >
    <step title="DeploymentService.GetLatestDeployment" date="2025-08-28T16:25:24.700" >
      <step title="DeploymentManager.GetResults" date="2025-08-28T16:25:24.701" /><!-- duration: 366ms -->
    </step><!-- duration: 369ms -->
  </step><!-- duration: 372ms -->
  <step title="Outgoing response" date="2025-08-28T16:25:25.072" type="response" statusCode="202" statusText="Accepted" /><!-- duration: 1ms -->
</step><!-- duration: 387ms -->
