<step title="Incoming Request" date="2025-08-28T14:18:03.759" instance="7f1a8d" url="/api/publish?async=true&amp;deployer=GITHUB_ONE_DEPLOY&amp;type=zip&amp;message=%7B%22type%22%3A%22deployment%22%2C%22sha%22%3A%22330828976a9712e0403fbfb77c15d1b5f7df383a%22%2C%22repoName%22%3A%22JPRoelofseDevforge%2Fsam2%22%2C%22actor%22%3A%22RustedFrost%22%2C%22slotName%22%3A%22Production%22%2C%22commitMessage%22%3A%22caching%22%7D" method="POST" type="request" pid="822,1,15" Host="samdashboardapi.scm.azurewebsites.net" User-Agent="GITHUBACTIONS_DeployWebAppToAzure_19c9d7508924a527ab10b75d8dbb4827cb35707276962fd3a666e3ae3b53fd43" Authorization="Bea..." Content-Type="application/octet-stream" Cookie="ARRAffinity=7f1a8d376a83fdb83d78d08c3afa570b9eb71dbd4ed444b8e2a36ca0d9c4345c;Path=/;HttpOnly;Secure;Domain=samdashboardapi.scm.azurewebsites.net; ARRAffinitySameSite=7f1a8d376a83fdb83d78d08c3afa570b9eb71dbd4ed444b8e2a36ca0d9c4345c;Path=/;HttpOnly;SameSite=None;Secure;Domain=samdashboardapi.scm.azurewebsites.net" Transfer-Encoding="chunked" X-ARR-LOG-ID="222f705a-c8cd-480c-b704-c69f117dd06e" CLIENT-IP="172.208.127.82:16424" X-SITE-DEPLOYMENT-ID="samdashboardapi" WAS-DEFAULT-HOSTNAME="samdashboardapi.scm.azurewebsites.net" X-Forwarded-Proto="https" X-AppService-Proto="https" X-Forwarded-TlsVersion="1.3" X-WAWS-Unencoded-URL="/api/publish?async=true&amp;deployer=GITHUB_ONE_DEPLOY&amp;type=zip&amp;message=%7B%22type%22%3A%22deployment%22%2C%22sha%22%3A%22330828976a9712e0403fbfb77c15d1b5f7df383a%22%2C%22repoName%22%3A%22JPRoelofseDevforge%2Fsam2%22%2C%22actor%22%3A%22RustedFrost%22%2C%22slotName%22%3A%22Production%22%2C%22commitMessage%22%3A%22caching%22%7D" X-Client-IP="172.208.127.82" X-Client-Port="16424" >
  <step title="Cleanup Xml Logs" date="2025-08-28T14:18:03.769" /><!-- duration: 4ms -->
  <step title="OneDeploy" date="2025-08-28T14:18:03.776" >
    <step title="Starting PushDeployAsync" date="2025-08-28T14:18:03.779" /><!-- duration: 1ms -->
    <step title="Removing node_modules symlink" date="2025-08-28T14:18:03.784" >
      <step title="Removing _del_node_modules symlink" date="2025-08-28T14:18:03.796" >
        <step title="Writing artifact to /tmp/zipdeploy/ae995bb0-8853-4491-8398-fab52331e964.zip" date="2025-08-28T14:18:03.805" >
          <step title="Writing multipart request body to /tmp/zipdeploy/ae995bb0-8853-4491-8398-fab52331e964.zip" date="2025-08-28T14:18:03.806" /><!-- duration: 1ms -->
        </step><!-- duration: 10107ms -->
        <step title="Start deployment in the background" date="2025-08-28T14:18:13.919" >
          <step title="Acquiring Deployment Lock" date="2025-08-28T14:18:13.932" /><!-- duration: 1ms -->
          <step title="Acquired Deployment Lock" date="2025-08-28T14:18:13.955" /><!-- duration: 1ms -->
        </step><!-- duration: 102ms -->
      </step><!-- duration: 10226ms -->
      <step title="Outgoing response" date="2025-08-28T14:18:14.024" type="response" statusCode="202" statusText="Accepted" /><!-- duration: 1ms -->
    </step><!-- duration: 10242ms -->
