<step title="Incoming Request" date="2025-08-28T12:21:37.950" instance="7f1a8d" url="/api/publish?async=true&amp;deployer=GITHUB_ONE_DEPLOY&amp;type=zip&amp;message=%7B%22type%22%3A%22deployment%22%2C%22sha%22%3A%2266732204d1c29a9b134c208628d3cb56c0c4fb34%22%2C%22repoName%22%3A%22JPRoelofseDevforge%2Fsam2%22%2C%22actor%22%3A%22RustedFrost%22%2C%22slotName%22%3A%22Production%22%2C%22commitMessage%22%3A%22logging%22%7D" method="POST" type="request" pid="821,1,44" Host="samdashboardapi.scm.azurewebsites.net" User-Agent="GITHUBACTIONS_DeployWebAppToAzure_19c9d7508924a527ab10b75d8dbb4827cb35707276962fd3a666e3ae3b53fd43" Authorization="Bea..." Content-Type="application/octet-stream" Cookie="ARRAffinity=7f1a8d376a83fdb83d78d08c3afa570b9eb71dbd4ed444b8e2a36ca0d9c4345c;Path=/;HttpOnly;Secure;Domain=samdashboardapi.scm.azurewebsites.net; ARRAffinitySameSite=7f1a8d376a83fdb83d78d08c3afa570b9eb71dbd4ed444b8e2a36ca0d9c4345c;Path=/;HttpOnly;SameSite=None;Secure;Domain=samdashboardapi.scm.azurewebsites.net" Transfer-Encoding="chunked" X-ARR-LOG-ID="4ae383ff-0050-4060-af18-b6b20b9feb16" CLIENT-IP="145.132.99.130:17424" X-SITE-DEPLOYMENT-ID="samdashboardapi" WAS-DEFAULT-HOSTNAME="samdashboardapi.scm.azurewebsites.net" X-Forwarded-Proto="https" X-AppService-Proto="https" X-Forwarded-TlsVersion="1.3" X-WAWS-Unencoded-URL="/api/publish?async=true&amp;deployer=GITHUB_ONE_DEPLOY&amp;type=zip&amp;message=%7B%22type%22%3A%22deployment%22%2C%22sha%22%3A%2266732204d1c29a9b134c208628d3cb56c0c4fb34%22%2C%22repoName%22%3A%22JPRoelofseDevforge%2Fsam2%22%2C%22actor%22%3A%22RustedFrost%22%2C%22slotName%22%3A%22Production%22%2C%22commitMessage%22%3A%22logging%22%7D" X-Client-IP="145.132.99.130" X-Client-Port="17424" >
  <step title="Cleanup Xml Logs" date="2025-08-28T12:21:37.952" /><!-- duration: 4ms -->
  <step title="OneDeploy" date="2025-08-28T12:21:37.961" >
    <step title="Starting PushDeployAsync" date="2025-08-28T12:21:37.964" /><!-- duration: 1ms -->
    <step title="Removing node_modules symlink" date="2025-08-28T12:21:37.969" >
      <step title="Writing artifact to /tmp/zipdeploy/62cac0a1-4ba3-4489-9580-c1d02121bec3.zip" date="2025-08-28T12:21:37.982" >
        <step title="Writing multipart request body to /tmp/zipdeploy/62cac0a1-4ba3-4489-9580-c1d02121bec3.zip" date="2025-08-28T12:21:37.983" /><!-- duration: 1ms -->
      </step><!-- duration: 9536ms -->
      <step title="Start deployment in the background" date="2025-08-28T12:21:47.523" >
        <step title="Acquiring Deployment Lock" date="2025-08-28T12:21:47.534" /><!-- duration: 1ms -->
        <step title="Acquired Deployment Lock" date="2025-08-28T12:21:47.550" /><!-- duration: 1ms -->
      </step><!-- duration: 86ms -->
    </step><!-- duration: 9642ms -->
    <step title="Outgoing response" date="2025-08-28T12:21:47.613" type="response" statusCode="202" statusText="Accepted" /><!-- duration: 1ms -->
  </step><!-- duration: 9654ms -->
