<step title="Incoming Request" date="2025-08-28T16:05:45.254" instance="7f1a8d" url="/api/deployments/latest?deployer=OneDeploy&amp;time=2025-08-28_16-04-50Z" method="GET" type="request" pid="820,1,23" Host="samdashboardapi.scm.azurewebsites.net" User-Agent="GITHUBACTIONS_DeployWebAppToAzure_19c9d7508924a527ab10b75d8dbb4827cb35707276962fd3a666e3ae3b53fd43" Authorization="Bea..." Content-Type="application/json; charset=utf-8" Cookie="ARRAffinity=7f1a8d376a83fdb83d78d08c3afa570b9eb71dbd4ed444b8e2a36ca0d9c4345c;Path=/;HttpOnly;Secure;Domain=samdashboardapi.scm.azurewebsites.net; ARRAffinitySameSite=7f1a8d376a83fdb83d78d08c3afa570b9eb71dbd4ed444b8e2a36ca0d9c4345c;Path=/;HttpOnly;SameSite=None;Secure;Domain=samdashboardapi.scm.azurewebsites.net" Content-Length="0" X-ARR-LOG-ID="b23ae09b-335e-4ca0-a98f-5d48f615a056" CLIENT-IP="48.214.53.182:28672" X-SITE-DEPLOYMENT-ID="samdashboardapi" WAS-DEFAULT-HOSTNAME="samdashboardapi.scm.azurewebsites.net" X-Forwarded-Proto="https" X-AppService-Proto="https" X-Forwarded-TlsVersion="1.3" X-WAWS-Unencoded-URL="/api/deployments/latest?deployer=OneDeploy&amp;time=2025-08-28_16-04-50Z" X-Client-IP="48.214.53.182" X-Client-Port="28672" >
  <step title="Cleanup Xml Logs" date="2025-08-28T16:05:45.255" >
    <step title="Cleanup Infos" date="2025-08-28T16:05:45.259" totalFiles="234" totalCleanup="74" /><!-- duration: 2ms -->
  </step><!-- duration: 7ms -->
  <step title="DeploymentService.GetResult" date="2025-08-28T16:05:45.267" >
    <step title="DeploymentService.GetLatestDeployment" date="2025-08-28T16:05:45.268" >
      <step title="DeploymentManager.GetResults" date="2025-08-28T16:05:45.270" /><!-- duration: 400ms -->
    </step><!-- duration: 402ms -->
  </step><!-- duration: 405ms -->
  <step title="Outgoing response" date="2025-08-28T16:05:45.676" type="response" statusCode="202" statusText="Accepted" /><!-- duration: 2ms -->
</step><!-- duration: 426ms -->
