<step title="BackgroundTrace" date="2025-08-28T17:01:16.685" instance="7f1a8d" url="/api/zipdeploy" method="POST" >
  <step title="Creating temporary deployment - FetchDeploymentManager" date="2025-08-28T17:01:16.727" /><!-- duration: 1ms -->
  <step title="Creating temporary deployment" date="2025-08-28T17:01:16.730" /><!-- duration: 43ms -->
  <step title="Performing fetch based deployment" date="2025-08-28T17:01:16.796" >
    <step title="Cleaning up temp folders from previous zip deployments and extracting pushed zip file /tmp/zipdeploy/13be2db5-d6b6-4c78-9640-50ccd6f34c4a.zip (9.79 MB) to /tmp/zipdeploy/extracted" date="2025-08-28T17:01:17.888" >
      <step title="ChmodRecursive Process exited with total time taken in ms: 11" date="2025-08-28T17:01:18.121" /><!-- duration: 1ms -->
    </step><!-- duration: 236ms -->
    <step title="Deployment timer started" date="2025-08-28T17:01:20.128" >
      <step title="DeploymentManager.Deploy(id:cda8f64e-c163-406d-b849-7d4494c744fe)" date="2025-08-28T17:01:20.131" >
        <step title="Collecting changeset information" date="2025-08-28T17:01:20.136" /><!-- duration: 59ms -->
        <step title="Updating submodules" date="2025-08-28T17:01:20.197" /><!-- duration: 1113ms -->
        <step title="Determining deployment builder" date="2025-08-28T17:01:21.502" >
          <step title="Builder is CustomBuilder" date="2025-08-28T17:01:21.505" /><!-- duration: 1ms -->
        </step><!-- duration: 5ms -->
        <step title="PreDeployment: context.CleanOutputPath False" date="2025-08-28T17:01:21.540" >
          <step title="PreDeployment: context.OutputPath /home/site/wwwroot" date="2025-08-28T17:01:21.625" >
            <step title="Building" date="2025-08-28T17:01:21.704" >
              <step title="Executing external process" date="2025-08-28T17:01:21.984" type="process" path="starter.sh" arguments="bash startup.sh" >
                <step title="Process dump" date="2025-08-28T17:01:24.284" exitCode="1" type="processOutput" /><!-- duration: 4ms -->
              </step><!-- duration: 2305ms -->
              <step title="Error occurred" date="2025-08-28T17:01:24.300" type="error" text="You are using Node.js 18.17.1. Vite requires Node.js version 20.19+ or 22.12+. Please upgrade your Node.js version.
failed to load config from /home/site/wwwroot/vite.config.ts
error during build:
Error [ERR_MODULE_NOT_FOUND]: Cannot find package &apos;vite&apos; imported from /home/site/wwwroot/node_modules/.vite-temp/vite.config.ts.timestamp-1756400483736-0add826dad561.mjs
    at new NodeError (node:internal/errors:405:5)
    at packageResolve (node:internal/modules/esm/resolve:887:9)
    at moduleResolve (node:internal/modules/esm/resolve:936:20)
    at defaultResolve (node:internal/modules/esm/resolve:1129:11)
    at nextResolve (node:internal/modules/esm/loader:163:28)
    at ESMLoader.resolve (node:internal/modules/esm/loader:835:30)
    at ESMLoader.getModuleJob (node:internal/modules/esm/loader:424:18)
    at ModuleWrap.&lt;anonymous&gt; (node:internal/modules/esm/module_job:77:40)
    at link (node:internal/modules/esm/module_job:76:36)
node:internal/errors:496
    ErrorCaptureStackTrace(err);
    ^

Error [ERR_MODULE_NOT_FOUND]: Cannot find module &apos;/home/site/wwwroot/services/weatherCache.js&apos; imported from /home/site/wwwroot/dist/server.js
    at new NodeError (node:internal/errors:405:5)
    at finalizeResolution (node:internal/modules/esm/resolve:324:11)
    at moduleResolve (node:internal/modules/esm/resolve:943:10)
    at defaultResolve (node:internal/modules/esm/resolve:1129:11)
    at nextResolve (node:internal/modules/esm/loader:163:28)
    at ESMLoader.resolve (node:internal/modules/esm/loader:835:30)
    at ESMLoader.getModuleJob (node:internal/modules/esm/loader:424:18)
    at ModuleWrap.&lt;anonymous&gt; (node:internal/modules/esm/module_job:77:40)
    at link (node:internal/modules/esm/module_job:76:36) {
  code: &apos;ERR_MODULE_NOT_FOUND&apos;
}

Node.js v18.17.1
/opt/Kudu/Scripts/starter.sh bash startup.sh" stackTrace="   at Kudu.Core.Infrastructure.Executable.ExecuteInternal(ITracer tracer, Func`2 onWriteOutput, Func`2 onWriteError, CancellationToken token, Encoding encoding, String arguments, Object[] args) in /tmp/KuduLite/Kudu.Core/Infrastructure/Executable.cs:line 239
   at Kudu.Core.Infrastructure.Executable.ExecuteWithProgressWriter(ILogger logger, ITracer tracer, CancellationToken token, String arguments, Object[] args) in /tmp/KuduLite/Kudu.Core/Infrastructure/Executable.cs:line 118
   at Kudu.Core.Deployment.Generator.ExternalCommandBuilder.RunCommand(DeploymentContext context, String command, Boolean ignoreManifest, CancellationToken token, String message) in /tmp/KuduLite/Kudu.Core/Deployment/Generator/ExternalCommandBuilder.cs:line 122" /><!-- duration: 7ms -->
              <step title="Error occurred" date="2025-08-28T17:01:24.310" type="error" text="You are using Node.js 18.17.1. Vite requires Node.js version 20.19+ or 22.12+. Please upgrade your Node.js version.
failed to load config from /home/site/wwwroot/vite.config.ts
error during build:
Error [ERR_MODULE_NOT_FOUND]: Cannot find package &apos;vite&apos; imported from /home/site/wwwroot/node_modules/.vite-temp/vite.config.ts.timestamp-1756400483736-0add826dad561.mjs
    at new NodeError (node:internal/errors:405:5)
    at packageResolve (node:internal/modules/esm/resolve:887:9)
    at moduleResolve (node:internal/modules/esm/resolve:936:20)
    at defaultResolve (node:internal/modules/esm/resolve:1129:11)
    at nextResolve (node:internal/modules/esm/loader:163:28)
    at ESMLoader.resolve (node:internal/modules/esm/loader:835:30)
    at ESMLoader.getModuleJob (node:internal/modules/esm/loader:424:18)
    at ModuleWrap.&lt;anonymous&gt; (node:internal/modules/esm/module_job:77:40)
    at link (node:internal/modules/esm/module_job:76:36)
node:internal/errors:496
    ErrorCaptureStackTrace(err);
    ^

Error [ERR_MODULE_NOT_FOUND]: Cannot find module &apos;/home/site/wwwroot/services/weatherCache.js&apos; imported from /home/site/wwwroot/dist/server.js
    at new NodeError (node:internal/errors:405:5)
    at finalizeResolution (node:internal/modules/esm/resolve:324:11)
    at moduleResolve (node:internal/modules/esm/resolve:943:10)
    at defaultResolve (node:internal/modules/esm/resolve:1129:11)
    at nextResolve (node:internal/modules/esm/loader:163:28)
    at ESMLoader.resolve (node:internal/modules/esm/loader:835:30)
    at ESMLoader.getModuleJob (node:internal/modules/esm/loader:424:18)
    at ModuleWrap.&lt;anonymous&gt; (node:internal/modules/esm/module_job:77:40)
    at link (node:internal/modules/esm/module_job:76:36) {
  code: &apos;ERR_MODULE_NOT_FOUND&apos;
}

Node.js v18.17.1
/opt/Kudu/Scripts/starter.sh bash startup.sh" stackTrace="   at Kudu.Core.Infrastructure.Executable.ExecuteInternal(ITracer tracer, Func`2 onWriteOutput, Func`2 onWriteError, CancellationToken token, Encoding encoding, String arguments, Object[] args) in /tmp/KuduLite/Kudu.Core/Infrastructure/Executable.cs:line 239
   at Kudu.Core.Infrastructure.Executable.ExecuteWithProgressWriter(ILogger logger, ITracer tracer, CancellationToken token, String arguments, Object[] args) in /tmp/KuduLite/Kudu.Core/Infrastructure/Executable.cs:line 118
   at Kudu.Core.Deployment.Generator.ExternalCommandBuilder.RunCommand(DeploymentContext context, String command, Boolean ignoreManifest, CancellationToken token, String message) in /tmp/KuduLite/Kudu.Core/Deployment/Generator/ExternalCommandBuilder.cs:line 122
   at Kudu.Core.Deployment.Generator.CustomBuilder.Build(DeploymentContext context, CancellationToken token) in /tmp/KuduLite/Kudu.Core/Deployment/Generator/CustomBuilder.cs:line 53
--- End of stack trace from previous location ---
   at Kudu.Core.Deployment.DeploymentManager.Build(ChangeSet changeSet, ITracer tracer, IDisposable deployStep, IRepository repository, DeploymentInfoBase deploymentInfo, DeploymentAnalytics deploymentAnalytics, Boolean fullBuildByDefault, CancellationToken cancellationToken) in /tmp/KuduLite/Kudu.Core/Deployment/DeploymentManager.cs:line 771" /><!-- duration: 1ms -->
              <step title="Purge deployment items" date="2025-08-28T17:01:24.743" >
                <step title="Remove f70821b0-, Failed, received at 08/28/2025 17:00:07" date="2025-08-28T17:01:24.771" /><!-- duration: 1ms -->
              </step><!-- duration: 31ms -->
            </step><!-- duration: 3071ms -->
          </step><!-- duration: 3151ms -->
          <step title="Error occurred" date="2025-08-28T17:01:24.778" type="error" text="You are using Node.js 18.17.1. Vite requires Node.js version 20.19+ or 22.12+. Please upgrade your Node.js version.
failed to load config from /home/site/wwwroot/vite.config.ts
error during build:
Error [ERR_MODULE_NOT_FOUND]: Cannot find package &apos;vite&apos; imported from /home/site/wwwroot/node_modules/.vite-temp/vite.config.ts.timestamp-1756400483736-0add826dad561.mjs
    at new NodeError (node:internal/errors:405:5)
    at packageResolve (node:internal/modules/esm/resolve:887:9)
    at moduleResolve (node:internal/modules/esm/resolve:936:20)
    at defaultResolve (node:internal/modules/esm/resolve:1129:11)
    at nextResolve (node:internal/modules/esm/loader:163:28)
    at ESMLoader.resolve (node:internal/modules/esm/loader:835:30)
    at ESMLoader.getModuleJob (node:internal/modules/esm/loader:424:18)
    at ModuleWrap.&lt;anonymous&gt; (node:internal/modules/esm/module_job:77:40)
    at link (node:internal/modules/esm/module_job:76:36)
node:internal/errors:496
    ErrorCaptureStackTrace(err);
    ^

Error [ERR_MODULE_NOT_FOUND]: Cannot find module &apos;/home/site/wwwroot/services/weatherCache.js&apos; imported from /home/site/wwwroot/dist/server.js
    at new NodeError (node:internal/errors:405:5)
    at finalizeResolution (node:internal/modules/esm/resolve:324:11)
    at moduleResolve (node:internal/modules/esm/resolve:943:10)
    at defaultResolve (node:internal/modules/esm/resolve:1129:11)
    at nextResolve (node:internal/modules/esm/loader:163:28)
    at ESMLoader.resolve (node:internal/modules/esm/loader:835:30)
    at ESMLoader.getModuleJob (node:internal/modules/esm/loader:424:18)
    at ModuleWrap.&lt;anonymous&gt; (node:internal/modules/esm/module_job:77:40)
    at link (node:internal/modules/esm/module_job:76:36) {
  code: &apos;ERR_MODULE_NOT_FOUND&apos;
}

Node.js v18.17.1
/opt/Kudu/Scripts/starter.sh bash startup.sh" stackTrace="   at Kudu.Core.Infrastructure.Executable.ExecuteInternal(ITracer tracer, Func`2 onWriteOutput, Func`2 onWriteError, CancellationToken token, Encoding encoding, String arguments, Object[] args) in /tmp/KuduLite/Kudu.Core/Infrastructure/Executable.cs:line 239
   at Kudu.Core.Infrastructure.Executable.ExecuteWithProgressWriter(ILogger logger, ITracer tracer, CancellationToken token, String arguments, Object[] args) in /tmp/KuduLite/Kudu.Core/Infrastructure/Executable.cs:line 118
   at Kudu.Core.Deployment.Generator.ExternalCommandBuilder.RunCommand(DeploymentContext context, String command, Boolean ignoreManifest, CancellationToken token, String message) in /tmp/KuduLite/Kudu.Core/Deployment/Generator/ExternalCommandBuilder.cs:line 122
   at Kudu.Core.Deployment.Generator.CustomBuilder.Build(DeploymentContext context, CancellationToken token) in /tmp/KuduLite/Kudu.Core/Deployment/Generator/CustomBuilder.cs:line 53
--- End of stack trace from previous location ---
   at Kudu.Core.Deployment.DeploymentManager.Build(ChangeSet changeSet, ITracer tracer, IDisposable deployStep, IRepository repository, DeploymentInfoBase deploymentInfo, DeploymentAnalytics deploymentAnalytics, Boolean fullBuildByDefault, CancellationToken cancellationToken) in /tmp/KuduLite/Kudu.Core/Deployment/DeploymentManager.cs:line 771
   at Kudu.Core.Deployment.DeploymentManager.Build(ChangeSet changeSet, ITracer tracer, IDisposable deployStep, IRepository repository, DeploymentInfoBase deploymentInfo, DeploymentAnalytics deploymentAnalytics, Boolean fullBuildByDefault, CancellationToken cancellationToken) in /tmp/KuduLite/Kudu.Core/Deployment/DeploymentManager.cs:line 840" /><!-- duration: 1ms -->
          <step title="Cleaning up temp files" date="2025-08-28T17:01:24.825" /><!-- duration: 2ms -->
          <step title="Cleaning up temp files" date="2025-08-28T17:01:24.827" /><!-- duration: 502ms -->
          <step title="Error occurred" date="2025-08-28T17:01:25.353" type="error" text="You are using Node.js 18.17.1. Vite requires Node.js version 20.19+ or 22.12+. Please upgrade your Node.js version.
failed to load config from /home/site/wwwroot/vite.config.ts
error during build:
Error [ERR_MODULE_NOT_FOUND]: Cannot find package &apos;vite&apos; imported from /home/site/wwwroot/node_modules/.vite-temp/vite.config.ts.timestamp-1756400483736-0add826dad561.mjs
    at new NodeError (node:internal/errors:405:5)
    at packageResolve (node:internal/modules/esm/resolve:887:9)
    at moduleResolve (node:internal/modules/esm/resolve:936:20)
    at defaultResolve (node:internal/modules/esm/resolve:1129:11)
    at nextResolve (node:internal/modules/esm/loader:163:28)
    at ESMLoader.resolve (node:internal/modules/esm/loader:835:30)
    at ESMLoader.getModuleJob (node:internal/modules/esm/loader:424:18)
    at ModuleWrap.&lt;anonymous&gt; (node:internal/modules/esm/module_job:77:40)
    at link (node:internal/modules/esm/module_job:76:36)
node:internal/errors:496
    ErrorCaptureStackTrace(err);
    ^

Error [ERR_MODULE_NOT_FOUND]: Cannot find module &apos;/home/site/wwwroot/services/weatherCache.js&apos; imported from /home/site/wwwroot/dist/server.js
    at new NodeError (node:internal/errors:405:5)
    at finalizeResolution (node:internal/modules/esm/resolve:324:11)
    at moduleResolve (node:internal/modules/esm/resolve:943:10)
    at defaultResolve (node:internal/modules/esm/resolve:1129:11)
    at nextResolve (node:internal/modules/esm/loader:163:28)
    at ESMLoader.resolve (node:internal/modules/esm/loader:835:30)
    at ESMLoader.getModuleJob (node:internal/modules/esm/loader:424:18)
    at ModuleWrap.&lt;anonymous&gt; (node:internal/modules/esm/module_job:77:40)
    at link (node:internal/modules/esm/module_job:76:36) {
  code: &apos;ERR_MODULE_NOT_FOUND&apos;
}

Node.js v18.17.1
/opt/Kudu/Scripts/starter.sh bash startup.sh" stackTrace="   at Kudu.Core.Infrastructure.Executable.ExecuteInternal(ITracer tracer, Func`2 onWriteOutput, Func`2 onWriteError, CancellationToken token, Encoding encoding, String arguments, Object[] args) in /tmp/KuduLite/Kudu.Core/Infrastructure/Executable.cs:line 239
   at Kudu.Core.Infrastructure.Executable.ExecuteWithProgressWriter(ILogger logger, ITracer tracer, CancellationToken token, String arguments, Object[] args) in /tmp/KuduLite/Kudu.Core/Infrastructure/Executable.cs:line 118
   at Kudu.Core.Deployment.Generator.ExternalCommandBuilder.RunCommand(DeploymentContext context, String command, Boolean ignoreManifest, CancellationToken token, String message) in /tmp/KuduLite/Kudu.Core/Deployment/Generator/ExternalCommandBuilder.cs:line 122
   at Kudu.Core.Deployment.Generator.CustomBuilder.Build(DeploymentContext context, CancellationToken token) in /tmp/KuduLite/Kudu.Core/Deployment/Generator/CustomBuilder.cs:line 53
--- End of stack trace from previous location ---
   at Kudu.Core.Deployment.DeploymentManager.Build(ChangeSet changeSet, ITracer tracer, IDisposable deployStep, IRepository repository, DeploymentInfoBase deploymentInfo, DeploymentAnalytics deploymentAnalytics, Boolean fullBuildByDefault, CancellationToken cancellationToken) in /tmp/KuduLite/Kudu.Core/Deployment/DeploymentManager.cs:line 771
   at Kudu.Core.Deployment.DeploymentManager.Build(ChangeSet changeSet, ITracer tracer, IDisposable deployStep, IRepository repository, DeploymentInfoBase deploymentInfo, DeploymentAnalytics deploymentAnalytics, Boolean fullBuildByDefault, CancellationToken cancellationToken) in /tmp/KuduLite/Kudu.Core/Deployment/DeploymentManager.cs:line 840
   at Kudu.Core.Deployment.DeploymentManager.DeployAsync(IRepository repository, ChangeSet changeSet, String deployer, Boolean clean, DeploymentInfoBase deploymentInfo, Boolean needFileUpdate, Boolean fullBuildByDefault) in /tmp/KuduLite/Kudu.Core/Deployment/DeploymentManager.cs:line 266" /><!-- duration: 1ms -->
        </step><!-- duration: 3815ms -->
        <step title="Reloading status file with latest updates" date="2025-08-28T17:01:25.381" >
          <step title="WebHooksManager.PublishEventAsync: PostDeployment" date="2025-08-28T17:01:25.383" /><!-- duration: 34ms -->
        </step><!-- duration: 37ms -->
        <step title="Error occurred" date="2025-08-28T17:01:25.420" type="error" text="You are using Node.js 18.17.1. Vite requires Node.js version 20.19+ or 22.12+. Please upgrade your Node.js version.
failed to load config from /home/site/wwwroot/vite.config.ts
error during build:
Error [ERR_MODULE_NOT_FOUND]: Cannot find package &apos;vite&apos; imported from /home/site/wwwroot/node_modules/.vite-temp/vite.config.ts.timestamp-1756400483736-0add826dad561.mjs
    at new NodeError (node:internal/errors:405:5)
    at packageResolve (node:internal/modules/esm/resolve:887:9)
    at moduleResolve (node:internal/modules/esm/resolve:936:20)
    at defaultResolve (node:internal/modules/esm/resolve:1129:11)
    at nextResolve (node:internal/modules/esm/loader:163:28)
    at ESMLoader.resolve (node:internal/modules/esm/loader:835:30)
    at ESMLoader.getModuleJob (node:internal/modules/esm/loader:424:18)
    at ModuleWrap.&lt;anonymous&gt; (node:internal/modules/esm/module_job:77:40)
    at link (node:internal/modules/esm/module_job:76:36)
node:internal/errors:496
    ErrorCaptureStackTrace(err);
    ^

Error [ERR_MODULE_NOT_FOUND]: Cannot find module &apos;/home/site/wwwroot/services/weatherCache.js&apos; imported from /home/site/wwwroot/dist/server.js
    at new NodeError (node:internal/errors:405:5)
    at finalizeResolution (node:internal/modules/esm/resolve:324:11)
    at moduleResolve (node:internal/modules/esm/resolve:943:10)
    at defaultResolve (node:internal/modules/esm/resolve:1129:11)
    at nextResolve (node:internal/modules/esm/loader:163:28)
    at ESMLoader.resolve (node:internal/modules/esm/loader:835:30)
    at ESMLoader.getModuleJob (node:internal/modules/esm/loader:424:18)
    at ModuleWrap.&lt;anonymous&gt; (node:internal/modules/esm/module_job:77:40)
    at link (node:internal/modules/esm/module_job:76:36) {
  code: &apos;ERR_MODULE_NOT_FOUND&apos;
}

Node.js v18.17.1
/opt/Kudu/Scripts/starter.sh bash startup.sh" stackTrace="   at Kudu.Core.Infrastructure.Executable.ExecuteInternal(ITracer tracer, Func`2 onWriteOutput, Func`2 onWriteError, CancellationToken token, Encoding encoding, String arguments, Object[] args) in /tmp/KuduLite/Kudu.Core/Infrastructure/Executable.cs:line 239
   at Kudu.Core.Infrastructure.Executable.ExecuteWithProgressWriter(ILogger logger, ITracer tracer, CancellationToken token, String arguments, Object[] args) in /tmp/KuduLite/Kudu.Core/Infrastructure/Executable.cs:line 118
   at Kudu.Core.Deployment.Generator.ExternalCommandBuilder.RunCommand(DeploymentContext context, String command, Boolean ignoreManifest, CancellationToken token, String message) in /tmp/KuduLite/Kudu.Core/Deployment/Generator/ExternalCommandBuilder.cs:line 122
   at Kudu.Core.Deployment.Generator.CustomBuilder.Build(DeploymentContext context, CancellationToken token) in /tmp/KuduLite/Kudu.Core/Deployment/Generator/CustomBuilder.cs:line 53
--- End of stack trace from previous location ---
   at Kudu.Core.Deployment.DeploymentManager.Build(ChangeSet changeSet, ITracer tracer, IDisposable deployStep, IRepository repository, DeploymentInfoBase deploymentInfo, DeploymentAnalytics deploymentAnalytics, Boolean fullBuildByDefault, CancellationToken cancellationToken) in /tmp/KuduLite/Kudu.Core/Deployment/DeploymentManager.cs:line 771
   at Kudu.Core.Deployment.DeploymentManager.Build(ChangeSet changeSet, ITracer tracer, IDisposable deployStep, IRepository repository, DeploymentInfoBase deploymentInfo, DeploymentAnalytics deploymentAnalytics, Boolean fullBuildByDefault, CancellationToken cancellationToken) in /tmp/KuduLite/Kudu.Core/Deployment/DeploymentManager.cs:line 840
   at Kudu.Core.Deployment.DeploymentManager.DeployAsync(IRepository repository, ChangeSet changeSet, String deployer, Boolean clean, DeploymentInfoBase deploymentInfo, Boolean needFileUpdate, Boolean fullBuildByDefault) in /tmp/KuduLite/Kudu.Core/Deployment/DeploymentManager.cs:line 266" /><!-- duration: 1ms -->
        <step title="Marking deployment as failed and cleaning up the temp deployment" date="2025-08-28T17:01:25.449" /><!-- duration: 1ms -->
      </step><!-- duration: 5397ms -->
      <step title="Error occurred" date="2025-08-28T17:01:25.533" type="error" text="One or more errors occurred. (Deployment failed)" stackTrace="   at System.Threading.Tasks.Task.ThrowIfExceptional(Boolean includeTaskCanceledExceptions)
   at System.Threading.Tasks.Task.Wait(Int32 millisecondsTimeout, CancellationToken cancellationToken)
   at System.Threading.Tasks.Task.Wait()
   at Kudu.Core.Deployment.FetchDeploymentManager.&lt;&gt;c__DisplayClass22_1.&lt;PerformBackgroundDeployment&gt;b__3() in /tmp/KuduLite/Kudu.Core/Deployment/FetchDeploymentManager.cs:line 414
   at Kudu.Contracts.Infrastructure.LockExtensions.TryLockOperation(IOperationLock lockObj, Action operation, String operationName, TimeSpan timeout) in /tmp/KuduLite/Kudu.Contracts/Infrastructure/LockExtensions.cs:line 34
   at Kudu.Contracts.Infrastructure.LockExtensions.LockOperation(IOperationLock lockObj, Action operation, String operationName, TimeSpan timeout) in /tmp/KuduLite/Kudu.Contracts/Infrastructure/LockExtensions.cs:line 46
   at Kudu.Core.Deployment.FetchDeploymentManager.&lt;&gt;c__DisplayClass22_0.&lt;PerformBackgroundDeployment&gt;b__1() in /tmp/KuduLite/Kudu.Core/Deployment/FetchDeploymentManager.cs:line 393" innerText="Deployment failed" innerStackTrace="   at Kudu.Core.Deployment.DeploymentManager.DeployAsync(IRepository repository, ChangeSet changeSet, String deployer, Boolean clean, DeploymentInfoBase deploymentInfo, Boolean needFileUpdate, Boolean fullBuildByDefault) in /tmp/KuduLite/Kudu.Core/Deployment/DeploymentManager.cs:line 307
   at Kudu.Core.Deployment.FetchDeploymentManager.PerformDeployment(DeploymentInfoBase deploymentInfo, IDisposable tempDeployment, ChangeSet tempChangeSet, DeployStatusApiResult updateStatusObj) in /tmp/KuduLite/Kudu.Core/Deployment/FetchDeploymentManager.cs:line 230" /><!-- duration: 1ms -->
    </step><!-- duration: 5407ms -->
