<step title="BackgroundTrace" date="2025-08-28T16:32:17.389" instance="7f1a8d" url="/api/zipdeploy" method="POST" >
  <step title="Creating temporary deployment - FetchDeploymentManager" date="2025-08-28T16:32:17.424" /><!-- duration: 2ms -->
  <step title="Creating temporary deployment" date="2025-08-28T16:32:17.427" /><!-- duration: 65ms -->
  <step title="Performing fetch based deployment" date="2025-08-28T16:32:17.510" >
    <step title="Cleaning up temp folders from previous zip deployments and extracting pushed zip file /tmp/zipdeploy/63f60e89-b60b-4909-a798-6cce1a39f036.zip (9.78 MB) to /tmp/zipdeploy/extracted" date="2025-08-28T16:32:18.623" >
      <step title="ChmodRecursive Process exited with total time taken in ms: 10" date="2025-08-28T16:32:18.876" /><!-- duration: 1ms -->
    </step><!-- duration: 255ms -->
    <step title="Deployment timer started" date="2025-08-28T16:32:20.881" >
      <step title="DeploymentManager.Deploy(id:b79721cd-c468-4635-ad7e-b0897a3f6e3b)" date="2025-08-28T16:32:20.884" >
        <step title="Collecting changeset information" date="2025-08-28T16:32:20.890" /><!-- duration: 77ms -->
        <step title="Updating submodules" date="2025-08-28T16:32:20.970" /><!-- duration: 1077ms -->
        <step title="Determining deployment builder" date="2025-08-28T16:32:22.191" >
          <step title="Builder is CustomBuilder" date="2025-08-28T16:32:22.192" /><!-- duration: 1ms -->
        </step><!-- duration: 4ms -->
        <step title="PreDeployment: context.CleanOutputPath False" date="2025-08-28T16:32:22.221" >
          <step title="PreDeployment: context.OutputPath /home/site/wwwroot" date="2025-08-28T16:32:22.286" >
            <step title="Building" date="2025-08-28T16:32:22.379" >
              <step title="Executing external process" date="2025-08-28T16:32:22.620" type="process" path="starter.sh" arguments="bash startup.sh" >
                <step title="Process dump" date="2025-08-28T16:32:29.780" exitCode="1" type="processOutput" /><!-- duration: 4ms -->
              </step><!-- duration: 7166ms -->
              <step title="Error occurred" date="2025-08-28T16:32:29.792" type="error" text="npm WARN exec The following package was not found and will be installed: vite@5.4.19
failed to load config from /home/site/wwwroot/vite.config.ts
error during build:
Error: spawn EINVAL
    at ChildProcess.spawn (node:internal/child_process:413:11)
    at Object.spawn (node:child_process:757:9)
    at ensureServiceIsRunning (/home/.npm/_npx/33b30c51d33725d7/node_modules/esbuild/lib/main.js:1975:29)
    at build (/home/.npm/_npx/33b30c51d33725d7/node_modules/esbuild/lib/main.js:1873:26)
    at bundleConfigFile (file:///home/.npm/_npx/33b30c51d33725d7/node_modules/vite/dist/node/chunks/dep-C6uTJdX2.js:66828:24)
    at loadConfigFromFile (file:///home/.npm/_npx/33b30c51d33725d7/node_modules/vite/dist/node/chunks/dep-C6uTJdX2.js:66798:27)
    at resolveConfig (file:///home/.npm/_npx/33b30c51d33725d7/node_modules/vite/dist/node/chunks/dep-C6uTJdX2.js:66399:30)
    at build (file:///home/.npm/_npx/33b30c51d33725d7/node_modules/vite/dist/node/chunks/dep-C6uTJdX2.js:65487:24)
    at CAC.&lt;anonymous&gt; (file:///home/.npm/_npx/33b30c51d33725d7/node_modules/vite/dist/node/cli.js:829:11)
node:internal/errors:496
    ErrorCaptureStackTrace(err);
    ^

Error [ERR_MODULE_NOT_FOUND]: Cannot find module &apos;/home/site/wwwroot/services/weatherCache.js&apos; imported from /home/site/wwwroot/dist/server.js
    at new NodeError (node:internal/errors:405:5)
    at finalizeResolution (node:internal/modules/esm/resolve:324:11)
    at moduleResolve (node:internal/modules/esm/resolve:943:10)
    at defaultResolve (node:internal/modules/esm/resolve:1129:11)
    at nextResolve (node:internal/modules/esm/loader:163:28)
    at ESMLoader.resolve (node:internal/modules/esm/loader:835:30)
    at ESMLoader.getModuleJob (node:internal/modules/esm/loader:424:18)
    at ModuleWrap.&lt;anonymous&gt; (node:internal/modules/esm/module_job:77:40)
    at link (node:internal/modules/esm/module_job:76:36) {
  code: &apos;ERR_MODULE_NOT_FOUND&apos;
}

Node.js v18.17.1
/opt/Kudu/Scripts/starter.sh bash startup.sh" stackTrace="   at Kudu.Core.Infrastructure.Executable.ExecuteInternal(ITracer tracer, Func`2 onWriteOutput, Func`2 onWriteError, CancellationToken token, Encoding encoding, String arguments, Object[] args) in /tmp/KuduLite/Kudu.Core/Infrastructure/Executable.cs:line 239
   at Kudu.Core.Infrastructure.Executable.ExecuteWithProgressWriter(ILogger logger, ITracer tracer, CancellationToken token, String arguments, Object[] args) in /tmp/KuduLite/Kudu.Core/Infrastructure/Executable.cs:line 118
   at Kudu.Core.Deployment.Generator.ExternalCommandBuilder.RunCommand(DeploymentContext context, String command, Boolean ignoreManifest, CancellationToken token, String message) in /tmp/KuduLite/Kudu.Core/Deployment/Generator/ExternalCommandBuilder.cs:line 122" /><!-- duration: 1ms -->
              <step title="Error occurred" date="2025-08-28T16:32:29.795" type="error" text="npm WARN exec The following package was not found and will be installed: vite@5.4.19
failed to load config from /home/site/wwwroot/vite.config.ts
error during build:
Error: spawn EINVAL
    at ChildProcess.spawn (node:internal/child_process:413:11)
    at Object.spawn (node:child_process:757:9)
    at ensureServiceIsRunning (/home/.npm/_npx/33b30c51d33725d7/node_modules/esbuild/lib/main.js:1975:29)
    at build (/home/.npm/_npx/33b30c51d33725d7/node_modules/esbuild/lib/main.js:1873:26)
    at bundleConfigFile (file:///home/.npm/_npx/33b30c51d33725d7/node_modules/vite/dist/node/chunks/dep-C6uTJdX2.js:66828:24)
    at loadConfigFromFile (file:///home/.npm/_npx/33b30c51d33725d7/node_modules/vite/dist/node/chunks/dep-C6uTJdX2.js:66798:27)
    at resolveConfig (file:///home/.npm/_npx/33b30c51d33725d7/node_modules/vite/dist/node/chunks/dep-C6uTJdX2.js:66399:30)
    at build (file:///home/.npm/_npx/33b30c51d33725d7/node_modules/vite/dist/node/chunks/dep-C6uTJdX2.js:65487:24)
    at CAC.&lt;anonymous&gt; (file:///home/.npm/_npx/33b30c51d33725d7/node_modules/vite/dist/node/cli.js:829:11)
node:internal/errors:496
    ErrorCaptureStackTrace(err);
    ^

Error [ERR_MODULE_NOT_FOUND]: Cannot find module &apos;/home/site/wwwroot/services/weatherCache.js&apos; imported from /home/site/wwwroot/dist/server.js
    at new NodeError (node:internal/errors:405:5)
    at finalizeResolution (node:internal/modules/esm/resolve:324:11)
    at moduleResolve (node:internal/modules/esm/resolve:943:10)
    at defaultResolve (node:internal/modules/esm/resolve:1129:11)
    at nextResolve (node:internal/modules/esm/loader:163:28)
    at ESMLoader.resolve (node:internal/modules/esm/loader:835:30)
    at ESMLoader.getModuleJob (node:internal/modules/esm/loader:424:18)
    at ModuleWrap.&lt;anonymous&gt; (node:internal/modules/esm/module_job:77:40)
    at link (node:internal/modules/esm/module_job:76:36) {
  code: &apos;ERR_MODULE_NOT_FOUND&apos;
}

Node.js v18.17.1
/opt/Kudu/Scripts/starter.sh bash startup.sh" stackTrace="   at Kudu.Core.Infrastructure.Executable.ExecuteInternal(ITracer tracer, Func`2 onWriteOutput, Func`2 onWriteError, CancellationToken token, Encoding encoding, String arguments, Object[] args) in /tmp/KuduLite/Kudu.Core/Infrastructure/Executable.cs:line 239
   at Kudu.Core.Infrastructure.Executable.ExecuteWithProgressWriter(ILogger logger, ITracer tracer, CancellationToken token, String arguments, Object[] args) in /tmp/KuduLite/Kudu.Core/Infrastructure/Executable.cs:line 118
   at Kudu.Core.Deployment.Generator.ExternalCommandBuilder.RunCommand(DeploymentContext context, String command, Boolean ignoreManifest, CancellationToken token, String message) in /tmp/KuduLite/Kudu.Core/Deployment/Generator/ExternalCommandBuilder.cs:line 122
   at Kudu.Core.Deployment.Generator.CustomBuilder.Build(DeploymentContext context, CancellationToken token) in /tmp/KuduLite/Kudu.Core/Deployment/Generator/CustomBuilder.cs:line 53
--- End of stack trace from previous location ---
   at Kudu.Core.Deployment.DeploymentManager.Build(ChangeSet changeSet, ITracer tracer, IDisposable deployStep, IRepository repository, DeploymentInfoBase deploymentInfo, DeploymentAnalytics deploymentAnalytics, Boolean fullBuildByDefault, CancellationToken cancellationToken) in /tmp/KuduLite/Kudu.Core/Deployment/DeploymentManager.cs:line 771" /><!-- duration: 1ms -->
              <step title="Purge deployment items" date="2025-08-28T16:32:30.301" >
                <step title="Remove 0f48653b-, Failed, received at 08/28/2025 16:29:57" date="2025-08-28T16:32:30.335" /><!-- duration: 1ms -->
              </step><!-- duration: 37ms -->
            </step><!-- duration: 7970ms -->
          </step><!-- duration: 8065ms -->
          <step title="Error occurred" date="2025-08-28T16:32:30.352" type="error" text="npm WARN exec The following package was not found and will be installed: vite@5.4.19
failed to load config from /home/site/wwwroot/vite.config.ts
error during build:
Error: spawn EINVAL
    at ChildProcess.spawn (node:internal/child_process:413:11)
    at Object.spawn (node:child_process:757:9)
    at ensureServiceIsRunning (/home/.npm/_npx/33b30c51d33725d7/node_modules/esbuild/lib/main.js:1975:29)
    at build (/home/.npm/_npx/33b30c51d33725d7/node_modules/esbuild/lib/main.js:1873:26)
    at bundleConfigFile (file:///home/.npm/_npx/33b30c51d33725d7/node_modules/vite/dist/node/chunks/dep-C6uTJdX2.js:66828:24)
    at loadConfigFromFile (file:///home/.npm/_npx/33b30c51d33725d7/node_modules/vite/dist/node/chunks/dep-C6uTJdX2.js:66798:27)
    at resolveConfig (file:///home/.npm/_npx/33b30c51d33725d7/node_modules/vite/dist/node/chunks/dep-C6uTJdX2.js:66399:30)
    at build (file:///home/.npm/_npx/33b30c51d33725d7/node_modules/vite/dist/node/chunks/dep-C6uTJdX2.js:65487:24)
    at CAC.&lt;anonymous&gt; (file:///home/.npm/_npx/33b30c51d33725d7/node_modules/vite/dist/node/cli.js:829:11)
node:internal/errors:496
    ErrorCaptureStackTrace(err);
    ^

Error [ERR_MODULE_NOT_FOUND]: Cannot find module &apos;/home/site/wwwroot/services/weatherCache.js&apos; imported from /home/site/wwwroot/dist/server.js
    at new NodeError (node:internal/errors:405:5)
    at finalizeResolution (node:internal/modules/esm/resolve:324:11)
    at moduleResolve (node:internal/modules/esm/resolve:943:10)
    at defaultResolve (node:internal/modules/esm/resolve:1129:11)
    at nextResolve (node:internal/modules/esm/loader:163:28)
    at ESMLoader.resolve (node:internal/modules/esm/loader:835:30)
    at ESMLoader.getModuleJob (node:internal/modules/esm/loader:424:18)
    at ModuleWrap.&lt;anonymous&gt; (node:internal/modules/esm/module_job:77:40)
    at link (node:internal/modules/esm/module_job:76:36) {
  code: &apos;ERR_MODULE_NOT_FOUND&apos;
}

Node.js v18.17.1
/opt/Kudu/Scripts/starter.sh bash startup.sh" stackTrace="   at Kudu.Core.Infrastructure.Executable.ExecuteInternal(ITracer tracer, Func`2 onWriteOutput, Func`2 onWriteError, CancellationToken token, Encoding encoding, String arguments, Object[] args) in /tmp/KuduLite/Kudu.Core/Infrastructure/Executable.cs:line 239
   at Kudu.Core.Infrastructure.Executable.ExecuteWithProgressWriter(ILogger logger, ITracer tracer, CancellationToken token, String arguments, Object[] args) in /tmp/KuduLite/Kudu.Core/Infrastructure/Executable.cs:line 118
   at Kudu.Core.Deployment.Generator.ExternalCommandBuilder.RunCommand(DeploymentContext context, String command, Boolean ignoreManifest, CancellationToken token, String message) in /tmp/KuduLite/Kudu.Core/Deployment/Generator/ExternalCommandBuilder.cs:line 122
   at Kudu.Core.Deployment.Generator.CustomBuilder.Build(DeploymentContext context, CancellationToken token) in /tmp/KuduLite/Kudu.Core/Deployment/Generator/CustomBuilder.cs:line 53
--- End of stack trace from previous location ---
   at Kudu.Core.Deployment.DeploymentManager.Build(ChangeSet changeSet, ITracer tracer, IDisposable deployStep, IRepository repository, DeploymentInfoBase deploymentInfo, DeploymentAnalytics deploymentAnalytics, Boolean fullBuildByDefault, CancellationToken cancellationToken) in /tmp/KuduLite/Kudu.Core/Deployment/DeploymentManager.cs:line 771
   at Kudu.Core.Deployment.DeploymentManager.Build(ChangeSet changeSet, ITracer tracer, IDisposable deployStep, IRepository repository, DeploymentInfoBase deploymentInfo, DeploymentAnalytics deploymentAnalytics, Boolean fullBuildByDefault, CancellationToken cancellationToken) in /tmp/KuduLite/Kudu.Core/Deployment/DeploymentManager.cs:line 840" /><!-- duration: 1ms -->
          <step title="Cleaning up temp files" date="2025-08-28T16:32:30.378" /><!-- duration: 1ms -->
          <step title="Cleaning up temp files" date="2025-08-28T16:32:30.381" /><!-- duration: 502ms -->
          <step title="Error occurred" date="2025-08-28T16:32:30.906" type="error" text="npm WARN exec The following package was not found and will be installed: vite@5.4.19
failed to load config from /home/site/wwwroot/vite.config.ts
error during build:
Error: spawn EINVAL
    at ChildProcess.spawn (node:internal/child_process:413:11)
    at Object.spawn (node:child_process:757:9)
    at ensureServiceIsRunning (/home/.npm/_npx/33b30c51d33725d7/node_modules/esbuild/lib/main.js:1975:29)
    at build (/home/.npm/_npx/33b30c51d33725d7/node_modules/esbuild/lib/main.js:1873:26)
    at bundleConfigFile (file:///home/.npm/_npx/33b30c51d33725d7/node_modules/vite/dist/node/chunks/dep-C6uTJdX2.js:66828:24)
    at loadConfigFromFile (file:///home/.npm/_npx/33b30c51d33725d7/node_modules/vite/dist/node/chunks/dep-C6uTJdX2.js:66798:27)
    at resolveConfig (file:///home/.npm/_npx/33b30c51d33725d7/node_modules/vite/dist/node/chunks/dep-C6uTJdX2.js:66399:30)
    at build (file:///home/.npm/_npx/33b30c51d33725d7/node_modules/vite/dist/node/chunks/dep-C6uTJdX2.js:65487:24)
    at CAC.&lt;anonymous&gt; (file:///home/.npm/_npx/33b30c51d33725d7/node_modules/vite/dist/node/cli.js:829:11)
node:internal/errors:496
    ErrorCaptureStackTrace(err);
    ^

Error [ERR_MODULE_NOT_FOUND]: Cannot find module &apos;/home/site/wwwroot/services/weatherCache.js&apos; imported from /home/site/wwwroot/dist/server.js
    at new NodeError (node:internal/errors:405:5)
    at finalizeResolution (node:internal/modules/esm/resolve:324:11)
    at moduleResolve (node:internal/modules/esm/resolve:943:10)
    at defaultResolve (node:internal/modules/esm/resolve:1129:11)
    at nextResolve (node:internal/modules/esm/loader:163:28)
    at ESMLoader.resolve (node:internal/modules/esm/loader:835:30)
    at ESMLoader.getModuleJob (node:internal/modules/esm/loader:424:18)
    at ModuleWrap.&lt;anonymous&gt; (node:internal/modules/esm/module_job:77:40)
    at link (node:internal/modules/esm/module_job:76:36) {
  code: &apos;ERR_MODULE_NOT_FOUND&apos;
}

Node.js v18.17.1
/opt/Kudu/Scripts/starter.sh bash startup.sh" stackTrace="   at Kudu.Core.Infrastructure.Executable.ExecuteInternal(ITracer tracer, Func`2 onWriteOutput, Func`2 onWriteError, CancellationToken token, Encoding encoding, String arguments, Object[] args) in /tmp/KuduLite/Kudu.Core/Infrastructure/Executable.cs:line 239
   at Kudu.Core.Infrastructure.Executable.ExecuteWithProgressWriter(ILogger logger, ITracer tracer, CancellationToken token, String arguments, Object[] args) in /tmp/KuduLite/Kudu.Core/Infrastructure/Executable.cs:line 118
   at Kudu.Core.Deployment.Generator.ExternalCommandBuilder.RunCommand(DeploymentContext context, String command, Boolean ignoreManifest, CancellationToken token, String message) in /tmp/KuduLite/Kudu.Core/Deployment/Generator/ExternalCommandBuilder.cs:line 122
   at Kudu.Core.Deployment.Generator.CustomBuilder.Build(DeploymentContext context, CancellationToken token) in /tmp/KuduLite/Kudu.Core/Deployment/Generator/CustomBuilder.cs:line 53
--- End of stack trace from previous location ---
   at Kudu.Core.Deployment.DeploymentManager.Build(ChangeSet changeSet, ITracer tracer, IDisposable deployStep, IRepository repository, DeploymentInfoBase deploymentInfo, DeploymentAnalytics deploymentAnalytics, Boolean fullBuildByDefault, CancellationToken cancellationToken) in /tmp/KuduLite/Kudu.Core/Deployment/DeploymentManager.cs:line 771
   at Kudu.Core.Deployment.DeploymentManager.Build(ChangeSet changeSet, ITracer tracer, IDisposable deployStep, IRepository repository, DeploymentInfoBase deploymentInfo, DeploymentAnalytics deploymentAnalytics, Boolean fullBuildByDefault, CancellationToken cancellationToken) in /tmp/KuduLite/Kudu.Core/Deployment/DeploymentManager.cs:line 840
   at Kudu.Core.Deployment.DeploymentManager.DeployAsync(IRepository repository, ChangeSet changeSet, String deployer, Boolean clean, DeploymentInfoBase deploymentInfo, Boolean needFileUpdate, Boolean fullBuildByDefault) in /tmp/KuduLite/Kudu.Core/Deployment/DeploymentManager.cs:line 266" /><!-- duration: 1ms -->
        </step><!-- duration: 8688ms -->
        <step title="Reloading status file with latest updates" date="2025-08-28T16:32:30.931" >
          <step title="WebHooksManager.PublishEventAsync: PostDeployment" date="2025-08-28T16:32:30.932" /><!-- duration: 15ms -->
        </step><!-- duration: 17ms -->
        <step title="Error occurred" date="2025-08-28T16:32:30.949" type="error" text="npm WARN exec The following package was not found and will be installed: vite@5.4.19
failed to load config from /home/site/wwwroot/vite.config.ts
error during build:
Error: spawn EINVAL
    at ChildProcess.spawn (node:internal/child_process:413:11)
    at Object.spawn (node:child_process:757:9)
    at ensureServiceIsRunning (/home/.npm/_npx/33b30c51d33725d7/node_modules/esbuild/lib/main.js:1975:29)
    at build (/home/.npm/_npx/33b30c51d33725d7/node_modules/esbuild/lib/main.js:1873:26)
    at bundleConfigFile (file:///home/.npm/_npx/33b30c51d33725d7/node_modules/vite/dist/node/chunks/dep-C6uTJdX2.js:66828:24)
    at loadConfigFromFile (file:///home/.npm/_npx/33b30c51d33725d7/node_modules/vite/dist/node/chunks/dep-C6uTJdX2.js:66798:27)
    at resolveConfig (file:///home/.npm/_npx/33b30c51d33725d7/node_modules/vite/dist/node/chunks/dep-C6uTJdX2.js:66399:30)
    at build (file:///home/.npm/_npx/33b30c51d33725d7/node_modules/vite/dist/node/chunks/dep-C6uTJdX2.js:65487:24)
    at CAC.&lt;anonymous&gt; (file:///home/.npm/_npx/33b30c51d33725d7/node_modules/vite/dist/node/cli.js:829:11)
node:internal/errors:496
    ErrorCaptureStackTrace(err);
    ^

Error [ERR_MODULE_NOT_FOUND]: Cannot find module &apos;/home/site/wwwroot/services/weatherCache.js&apos; imported from /home/site/wwwroot/dist/server.js
    at new NodeError (node:internal/errors:405:5)
    at finalizeResolution (node:internal/modules/esm/resolve:324:11)
    at moduleResolve (node:internal/modules/esm/resolve:943:10)
    at defaultResolve (node:internal/modules/esm/resolve:1129:11)
    at nextResolve (node:internal/modules/esm/loader:163:28)
    at ESMLoader.resolve (node:internal/modules/esm/loader:835:30)
    at ESMLoader.getModuleJob (node:internal/modules/esm/loader:424:18)
    at ModuleWrap.&lt;anonymous&gt; (node:internal/modules/esm/module_job:77:40)
    at link (node:internal/modules/esm/module_job:76:36) {
  code: &apos;ERR_MODULE_NOT_FOUND&apos;
}

Node.js v18.17.1
/opt/Kudu/Scripts/starter.sh bash startup.sh" stackTrace="   at Kudu.Core.Infrastructure.Executable.ExecuteInternal(ITracer tracer, Func`2 onWriteOutput, Func`2 onWriteError, CancellationToken token, Encoding encoding, String arguments, Object[] args) in /tmp/KuduLite/Kudu.Core/Infrastructure/Executable.cs:line 239
   at Kudu.Core.Infrastructure.Executable.ExecuteWithProgressWriter(ILogger logger, ITracer tracer, CancellationToken token, String arguments, Object[] args) in /tmp/KuduLite/Kudu.Core/Infrastructure/Executable.cs:line 118
   at Kudu.Core.Deployment.Generator.ExternalCommandBuilder.RunCommand(DeploymentContext context, String command, Boolean ignoreManifest, CancellationToken token, String message) in /tmp/KuduLite/Kudu.Core/Deployment/Generator/ExternalCommandBuilder.cs:line 122
   at Kudu.Core.Deployment.Generator.CustomBuilder.Build(DeploymentContext context, CancellationToken token) in /tmp/KuduLite/Kudu.Core/Deployment/Generator/CustomBuilder.cs:line 53
--- End of stack trace from previous location ---
   at Kudu.Core.Deployment.DeploymentManager.Build(ChangeSet changeSet, ITracer tracer, IDisposable deployStep, IRepository repository, DeploymentInfoBase deploymentInfo, DeploymentAnalytics deploymentAnalytics, Boolean fullBuildByDefault, CancellationToken cancellationToken) in /tmp/KuduLite/Kudu.Core/Deployment/DeploymentManager.cs:line 771
   at Kudu.Core.Deployment.DeploymentManager.Build(ChangeSet changeSet, ITracer tracer, IDisposable deployStep, IRepository repository, DeploymentInfoBase deploymentInfo, DeploymentAnalytics deploymentAnalytics, Boolean fullBuildByDefault, CancellationToken cancellationToken) in /tmp/KuduLite/Kudu.Core/Deployment/DeploymentManager.cs:line 840
   at Kudu.Core.Deployment.DeploymentManager.DeployAsync(IRepository repository, ChangeSet changeSet, String deployer, Boolean clean, DeploymentInfoBase deploymentInfo, Boolean needFileUpdate, Boolean fullBuildByDefault) in /tmp/KuduLite/Kudu.Core/Deployment/DeploymentManager.cs:line 266" /><!-- duration: 1ms -->
        <step title="Marking deployment as failed and cleaning up the temp deployment" date="2025-08-28T16:32:30.985" /><!-- duration: 1ms -->
      </step><!-- duration: 10169ms -->
      <step title="Error occurred" date="2025-08-28T16:32:31.060" type="error" text="One or more errors occurred. (Deployment failed)" stackTrace="   at System.Threading.Tasks.Task.ThrowIfExceptional(Boolean includeTaskCanceledExceptions)
   at System.Threading.Tasks.Task.Wait(Int32 millisecondsTimeout, CancellationToken cancellationToken)
   at System.Threading.Tasks.Task.Wait()
   at Kudu.Core.Deployment.FetchDeploymentManager.&lt;&gt;c__DisplayClass22_1.&lt;PerformBackgroundDeployment&gt;b__3() in /tmp/KuduLite/Kudu.Core/Deployment/FetchDeploymentManager.cs:line 414
   at Kudu.Contracts.Infrastructure.LockExtensions.TryLockOperation(IOperationLock lockObj, Action operation, String operationName, TimeSpan timeout) in /tmp/KuduLite/Kudu.Contracts/Infrastructure/LockExtensions.cs:line 34
   at Kudu.Contracts.Infrastructure.LockExtensions.LockOperation(IOperationLock lockObj, Action operation, String operationName, TimeSpan timeout) in /tmp/KuduLite/Kudu.Contracts/Infrastructure/LockExtensions.cs:line 46
   at Kudu.Core.Deployment.FetchDeploymentManager.&lt;&gt;c__DisplayClass22_0.&lt;PerformBackgroundDeployment&gt;b__1() in /tmp/KuduLite/Kudu.Core/Deployment/FetchDeploymentManager.cs:line 393" innerText="Deployment failed" innerStackTrace="   at Kudu.Core.Deployment.DeploymentManager.DeployAsync(IRepository repository, ChangeSet changeSet, String deployer, Boolean clean, DeploymentInfoBase deploymentInfo, Boolean needFileUpdate, Boolean fullBuildByDefault) in /tmp/KuduLite/Kudu.Core/Deployment/DeploymentManager.cs:line 307
   at Kudu.Core.Deployment.FetchDeploymentManager.PerformDeployment(DeploymentInfoBase deploymentInfo, IDisposable tempDeployment, ChangeSet tempChangeSet, DeployStatusApiResult updateStatusObj) in /tmp/KuduLite/Kudu.Core/Deployment/FetchDeploymentManager.cs:line 230" /><!-- duration: 1ms -->
    </step><!-- duration: 10182ms -->
