<step title="Incoming Request" date="2025-08-28T17:00:03.695" instance="7f1a8d" url="/api/zipdeploy?isAsync=true" method="POST" type="request" pid="821,1,16" Accept="*/*" Host="samdashboardapi.scm.azurewebsites.net" User-Agent="AZURECLI/2.76.0 (MSI)" Accept-Encoding="gzip, deflate" Authorization="Bea..." Cache-Control="no-cache" Content-Type="application/octet-stream" Cookie="ARRAffinity=7f1a8d376a83fdb83d78d08c3afa570b9eb71dbd4ed444b8e2a36ca0d9c4345c; ARRAffinitySameSite=7f1a8d376a83fdb83d78d08c3afa570b9eb71dbd4ed444b8e2a36ca0d9c4345c" Content-Length="10267719" x-ms-client-request-id="6d5f9efe-8430-11f0-a545-fcb0de71a262" x-ms-artifact-checksum="4e846f5df63e55e84ea49022a2dc832c437c0ef584631ac48904411020dfef8f" X-ARR-LOG-ID="6d5f9efe-8430-11f0-a545-fcb0de71a262" CLIENT-IP="102.66.125.105:52076" X-SITE-DEPLOYMENT-ID="samdashboardapi" WAS-DEFAULT-HOSTNAME="samdashboardapi.scm.azurewebsites.net" X-Forwarded-Proto="https" X-AppService-Proto="https" X-Forwarded-TlsVersion="1.3" X-WAWS-Unencoded-URL="/api/zipdeploy?isAsync=true" X-Client-IP="102.66.125.105" X-Client-Port="52076" >
  <step title="Cleanup Xml Logs" date="2025-08-28T17:00:03.698" >
    <step title="Cleanup Infos" date="2025-08-28T17:00:03.705" totalFiles="326" totalCleanup="166" /><!-- duration: 2ms -->
  </step><!-- duration: 10ms -->
  <step title="ZipPushDeploy" date="2025-08-28T17:00:03.723" >
    <step title="ZipDeploy. Extract zip." date="2025-08-28T17:00:03.726" /><!-- duration: 1ms -->
    <step title="None repository commit" date="2025-08-28T17:00:03.729" >
      <step title="Commit id: f70821b0-5079-41e7-9a34-b3bfc4d92e74" date="2025-08-28T17:00:03.730" Message="N/A" AuthorName="N/A" AuthorEmail="N/A" /><!-- duration: 3ms -->
    </step><!-- duration: 5ms -->
    <step title="Starting PushDeployAsync" date="2025-08-28T17:00:03.736" /><!-- duration: 1ms -->
    <step title="Writing artifact to /tmp/zipdeploy/5cd12ce1-e6e2-4ebe-b9d0-531b9d9655dc.zip" date="2025-08-28T17:00:03.745" >
      <step title="Writing multipart request body to /tmp/zipdeploy/5cd12ce1-e6e2-4ebe-b9d0-531b9d9655dc.zip" date="2025-08-28T17:00:03.750" /><!-- duration: 5ms -->
    </step><!-- duration: 156ms -->
    <step title="Start deployment in the background" date="2025-08-28T17:00:03.906" >
      <step title="Acquiring Deployment Lock" date="2025-08-28T17:00:03.918" /><!-- duration: 1ms -->
      <step title="Acquired Deployment Lock" date="2025-08-28T17:00:03.959" /><!-- duration: 1ms -->
    </step><!-- duration: 104ms -->
  </step><!-- duration: 290ms -->
  <step title="Outgoing response" date="2025-08-28T17:00:04.017" type="response" statusCode="202" statusText="Accepted" /><!-- duration: 1ms -->
</step><!-- duration: 325ms -->
