<step title="Incoming Request" date="2025-08-28T16:47:47.546" instance="7f1a8d" url="/api/deployments/latest" method="GET" type="request" pid="820,1,32" Accept="*/*" Host="samdashboardapi.scm.azurewebsites.net" User-Agent="AZURECLI/2.76.0 (MSI)" Accept-Encoding="gzip, deflate" Authorization="Bea..." x-ms-client-request-id="b444667c-842e-11f0-83b0-fcb0de71a262" X-ARR-LOG-ID="b444667c-842e-11f0-83b0-fcb0de71a262" CLIENT-IP="102.66.125.105:52614" X-SITE-DEPLOYMENT-ID="samdashboardapi" WAS-DEFAULT-HOSTNAME="samdashboardapi.scm.azurewebsites.net" X-Forwarded-Proto="https" X-AppService-Proto="https" X-Forwarded-TlsVersion="1.3" X-WAWS-Unencoded-URL="/api/deployments/latest" X-Client-IP="102.66.125.105" X-Client-Port="52614" >
  <step title="Cleanup Xml Logs" date="2025-08-28T16:47:47.558" >
    <step title="Cleanup Infos" date="2025-08-28T16:47:47.573" totalFiles="316" totalCleanup="156" /><!-- duration: 1ms -->
  </step><!-- duration: 18ms -->
  <step title="DeploymentService.GetResult" date="2025-08-28T16:47:47.579" >
    <step title="DeploymentService.GetLatestDeployment" date="2025-08-28T16:47:47.580" >
      <step title="DeploymentManager.GetResults" date="2025-08-28T16:47:47.581" /><!-- duration: 379ms -->
    </step><!-- duration: 381ms -->
  </step><!-- duration: 383ms -->
  <step title="Outgoing response" date="2025-08-28T16:47:47.964" type="response" statusCode="202" statusText="Accepted" /><!-- duration: 3ms -->
</step><!-- duration: 421ms -->
