<step title="Incoming Request" date="2025-08-28T16:19:57.299" instance="7f1a8d" url="/api/zipdeploy?isAsync=true" method="POST" type="request" pid="820,1,26" Accept="*/*" Host="samdashboardapi.scm.azurewebsites.net" User-Agent="AZURECLI/2.76.0 (MSI)" Accept-Encoding="gzip, deflate" Authorization="Bea..." Cache-Control="no-cache" Content-Type="application/octet-stream" Cookie="ARRAffinity=7f1a8d376a83fdb83d78d08c3afa570b9eb71dbd4ed444b8e2a36ca0d9c4345c; ARRAffinitySameSite=7f1a8d376a83fdb83d78d08c3afa570b9eb71dbd4ed444b8e2a36ca0d9c4345c" Content-Length="10260829" x-ms-client-request-id="d36032bf-842a-11f0-bdb3-fcb0de71a262" x-ms-artifact-checksum="6abfd284dd45773efd1130dc13e8c7180ef6cebff51f2831ebc932003342e4e7" X-ARR-LOG-ID="d36032bf-842a-11f0-bdb3-fcb0de71a262" CLIENT-IP="102.66.125.105:64878" X-SITE-DEPLOYMENT-ID="samdashboardapi" WAS-DEFAULT-HOSTNAME="samdashboardapi.scm.azurewebsites.net" X-Forwarded-Proto="https" X-AppService-Proto="https" X-Forwarded-TlsVersion="1.3" X-WAWS-Unencoded-URL="/api/zipdeploy?isAsync=true" X-Client-IP="102.66.125.105" X-Client-Port="64878" >
  <step title="ZipPushDeploy" date="2025-08-28T16:19:57.305" >
    <step title="ZipDeploy. Extract zip." date="2025-08-28T16:19:57.312" /><!-- duration: 2ms -->
    <step title="Starting PushDeployAsync" date="2025-08-28T16:19:57.316" /><!-- duration: 1ms -->
    <step title="Writing artifact to /tmp/zipdeploy/c93a9056-934e-4f51-af0e-45ad5d9e9e7a.zip" date="2025-08-28T16:19:57.326" >
      <step title="Writing multipart request body to /tmp/zipdeploy/c93a9056-934e-4f51-af0e-45ad5d9e9e7a.zip" date="2025-08-28T16:19:57.327" /><!-- duration: 1ms -->
    </step><!-- duration: 159ms -->
    <step title="Start deployment in the background" date="2025-08-28T16:19:57.489" >
      <step title="Acquiring Deployment Lock" date="2025-08-28T16:19:57.521" /><!-- duration: 1ms -->
      <step title="Acquired Deployment Lock" date="2025-08-28T16:19:57.540" /><!-- duration: 1ms -->
    </step><!-- duration: 119ms -->
  </step><!-- duration: 305ms -->
  <step title="Outgoing response" date="2025-08-28T16:19:57.612" type="response" statusCode="202" statusText="Accepted" /><!-- duration: 1ms -->
</step><!-- duration: 315ms -->
