<step title="Incoming Request" date="2025-08-28T17:01:16.488" instance="7f1a8d" url="/api/zipdeploy?isAsync=true" method="POST" type="request" pid="821,1,5" Accept="*/*" Host="samdashboardapi.scm.azurewebsites.net" User-Agent="AZURECLI/2.76.0 (MSI)" Accept-Encoding="gzip, deflate" Authorization="Bea..." Cache-Control="no-cache" Content-Type="application/octet-stream" Cookie="ARRAffinity=7f1a8d376a83fdb83d78d08c3afa570b9eb71dbd4ed444b8e2a36ca0d9c4345c; ARRAffinitySameSite=7f1a8d376a83fdb83d78d08c3afa570b9eb71dbd4ed444b8e2a36ca0d9c4345c" Content-Length="10267719" x-ms-client-request-id="99325044-8430-11f0-b940-fcb0de71a262" x-ms-artifact-checksum="4e846f5df63e55e84ea49022a2dc832c437c0ef584631ac48904411020dfef8f" X-ARR-LOG-ID="99325044-8430-11f0-b940-fcb0de71a262" CLIENT-IP="102.66.125.105:52629" X-SITE-DEPLOYMENT-ID="samdashboardapi" WAS-DEFAULT-HOSTNAME="samdashboardapi.scm.azurewebsites.net" X-Forwarded-Proto="https" X-AppService-Proto="https" X-Forwarded-TlsVersion="1.3" X-WAWS-Unencoded-URL="/api/zipdeploy?isAsync=true" X-Client-IP="102.66.125.105" X-Client-Port="52629" >
  <step title="ZipPushDeploy" date="2025-08-28T17:01:16.517" >
    <step title="ZipDeploy. Extract zip." date="2025-08-28T17:01:16.524" /><!-- duration: 1ms -->
    <step title="None repository commit" date="2025-08-28T17:01:16.528" >
      <step title="Commit id: cda8f64e-c163-406d-b849-7d4494c744fe" date="2025-08-28T17:01:16.529" Message="N/A" AuthorName="N/A" AuthorEmail="N/A" /><!-- duration: 1ms -->
    </step><!-- duration: 3ms -->
    <step title="Starting PushDeployAsync" date="2025-08-28T17:01:16.532" /><!-- duration: 1ms -->
    <step title="Writing artifact to /tmp/zipdeploy/13be2db5-d6b6-4c78-9640-50ccd6f34c4a.zip" date="2025-08-28T17:01:16.538" >
      <step title="Writing multipart request body to /tmp/zipdeploy/13be2db5-d6b6-4c78-9640-50ccd6f34c4a.zip" date="2025-08-28T17:01:16.540" /><!-- duration: 2ms -->
    </step><!-- duration: 137ms -->
    <step title="Start deployment in the background" date="2025-08-28T17:01:16.683" >
      <step title="Acquiring Deployment Lock" date="2025-08-28T17:01:16.697" /><!-- duration: 2ms -->
      <step title="Acquired Deployment Lock" date="2025-08-28T17:01:16.725" /><!-- duration: 1ms -->
    </step><!-- duration: 92ms -->
  </step><!-- duration: 260ms -->
  <step title="Outgoing response" date="2025-08-28T17:01:16.781" type="response" statusCode="202" statusText="Accepted" /><!-- duration: 1ms -->
</step><!-- duration: 296ms -->
