<step title="Incoming Request" date="2025-08-28T16:32:17.148" instance="7f1a8d" url="/api/zipdeploy?isAsync=true" method="POST" type="request" pid="820,1,38" Accept="*/*" Host="samdashboardapi.scm.azurewebsites.net" User-Agent="AZURECLI/2.76.0 (MSI)" Accept-Encoding="gzip, deflate" Authorization="Bea..." Cache-Control="no-cache" Content-Type="application/octet-stream" Cookie="ARRAffinity=7f1a8d376a83fdb83d78d08c3afa570b9eb71dbd4ed444b8e2a36ca0d9c4345c; ARRAffinitySameSite=7f1a8d376a83fdb83d78d08c3afa570b9eb71dbd4ed444b8e2a36ca0d9c4345c" Content-Length="10260270" x-ms-client-request-id="8b09658f-842c-11f0-9ee7-fcb0de71a262" x-ms-artifact-checksum="c5372ae8b060585d83010c65d04fef19ca80b2ad2b4111cfb6efcdaf3670a066" X-ARR-LOG-ID="8b09658f-842c-11f0-9ee7-fcb0de71a262" CLIENT-IP="102.66.125.105:64848" X-SITE-DEPLOYMENT-ID="samdashboardapi" WAS-DEFAULT-HOSTNAME="samdashboardapi.scm.azurewebsites.net" X-Forwarded-Proto="https" X-AppService-Proto="https" X-Forwarded-TlsVersion="1.3" X-WAWS-Unencoded-URL="/api/zipdeploy?isAsync=true" X-Client-IP="102.66.125.105" X-Client-Port="64848" >
  <step title="ZipPushDeploy" date="2025-08-28T16:32:17.157" >
    <step title="ZipDeploy. Extract zip." date="2025-08-28T16:32:17.161" /><!-- duration: 1ms -->
    <step title="Starting PushDeployAsync" date="2025-08-28T16:32:17.164" /><!-- duration: 1ms -->
    <step title="Writing artifact to /tmp/zipdeploy/63f60e89-b60b-4909-a798-6cce1a39f036.zip" date="2025-08-28T16:32:17.169" >
      <step title="Writing multipart request body to /tmp/zipdeploy/63f60e89-b60b-4909-a798-6cce1a39f036.zip" date="2025-08-28T16:32:17.171" /><!-- duration: 2ms -->
    </step><!-- duration: 214ms -->
    <step title="Start deployment in the background" date="2025-08-28T16:32:17.387" >
      <step title="Acquiring Deployment Lock" date="2025-08-28T16:32:17.401" /><!-- duration: 1ms -->
      <step title="Acquired Deployment Lock" date="2025-08-28T16:32:17.422" /><!-- duration: 1ms -->
    </step><!-- duration: 107ms -->
  </step><!-- duration: 338ms -->
  <step title="Outgoing response" date="2025-08-28T16:32:17.496" type="response" statusCode="202" statusText="Accepted" /><!-- duration: 1ms -->
</step><!-- duration: 350ms -->
