<step title="Incoming Request" date="2025-08-28T09:09:43.708" instance="cffa60" url="/api/publish?async=true&amp;deployer=GITHUB_ONE_DEPLOY&amp;type=zip&amp;message=%7B%22type%22%3A%22deployment%22%2C%22sha%22%3A%22c0d217bd176d0d28068100b118073e0a2e8b3bf2%22%2C%22repoName%22%3A%22JPRoelofseDevforge%2Fsam2%22%2C%22actor%22%3A%22JPRoelofseDevforge%22%2C%22slotName%22%3A%22Production%22%2C%22commitMessage%22%3A%22server%22%7D" method="POST" type="request" pid="820,1,3" Host="samdashboardapi.scm.azurewebsites.net" User-Agent="GITHUBACTIONS_DeployWebAppToAzure_19c9d7508924a527ab10b75d8dbb4827cb35707276962fd3a666e3ae3b53fd43" Authorization="Bea..." Content-Type="application/octet-stream" Cookie="ARRAffinity=cffa603b527b73222a88daf0b604414660554e5ab36fe7957082eb16607b0ed4;Path=/;HttpOnly;Secure;Domain=samdashboardapi.scm.azurewebsites.net; ARRAffinitySameSite=cffa603b527b73222a88daf0b604414660554e5ab36fe7957082eb16607b0ed4;Path=/;HttpOnly;SameSite=None;Secure;Domain=samdashboardapi.scm.azurewebsites.net" Transfer-Encoding="chunked" X-ARR-LOG-ID="73485c4e-6754-4044-b8cf-69abb4134945" CLIENT-IP="51.8.152.227:10240" X-SITE-DEPLOYMENT-ID="samdashboardapi" WAS-DEFAULT-HOSTNAME="samdashboardapi.scm.azurewebsites.net" X-Forwarded-Proto="https" X-AppService-Proto="https" X-Forwarded-TlsVersion="1.3" X-WAWS-Unencoded-URL="/api/publish?async=true&amp;deployer=GITHUB_ONE_DEPLOY&amp;type=zip&amp;message=%7B%22type%22%3A%22deployment%22%2C%22sha%22%3A%22c0d217bd176d0d28068100b118073e0a2e8b3bf2%22%2C%22repoName%22%3A%22JPRoelofseDevforge%2Fsam2%22%2C%22actor%22%3A%22JPRoelofseDevforge%22%2C%22slotName%22%3A%22Production%22%2C%22commitMessage%22%3A%22server%22%7D" X-Client-IP="51.8.152.227" X-Client-Port="10240" >
  <step title="Cleanup Xml Logs" date="2025-08-28T09:09:43.712" /><!-- duration: 8ms -->
  <step title="OneDeploy" date="2025-08-28T09:09:43.734" >
    <step title="Starting PushDeployAsync" date="2025-08-28T09:09:43.741" /><!-- duration: 3ms -->
    <step title="Removing node_modules symlink" date="2025-08-28T09:09:43.753" >
      <step title="Removing _del_node_modules symlink" date="2025-08-28T09:09:43.778" >
        <step title="Writing artifact to /tmp/zipdeploy/fe108543-cf2e-4659-954f-0be65e19d11e.zip" date="2025-08-28T09:09:43.789" >
          <step title="Writing multipart request body to /tmp/zipdeploy/fe108543-cf2e-4659-954f-0be65e19d11e.zip" date="2025-08-28T09:09:43.792" /><!-- duration: 3ms -->
        </step><!-- duration: 9498ms -->
        <step title="Start deployment in the background" date="2025-08-28T09:09:53.305" >
          <step title="Acquiring Deployment Lock" date="2025-08-28T09:09:53.326" /><!-- duration: 3ms -->
          <step title="Acquired Deployment Lock" date="2025-08-28T09:09:53.352" /><!-- duration: 3ms -->
        </step><!-- duration: 108ms -->
      </step><!-- duration: 9640ms -->
      <step title="Outgoing response" date="2025-08-28T09:09:53.422" type="response" statusCode="202" statusText="Accepted" /><!-- duration: 3ms -->
    </step><!-- duration: 9675ms -->
