<step title="Incoming Request" date="2025-08-28T17:01:19.580" instance="7f1a8d" url="/api/deployments/latest" method="GET" type="request" pid="821,1,17" Accept="*/*" Host="samdashboardapi.scm.azurewebsites.net" User-Agent="AZURECLI/2.76.0 (MSI)" Accept-Encoding="gzip, deflate" Authorization="Bea..." x-ms-client-request-id="99325044-8430-11f0-b940-fcb0de71a262" X-ARR-LOG-ID="99325044-8430-11f0-b940-fcb0de71a262" CLIENT-IP="102.66.125.105:52074" X-SITE-DEPLOYMENT-ID="samdashboardapi" WAS-DEFAULT-HOSTNAME="samdashboardapi.scm.azurewebsites.net" X-Forwarded-Proto="https" X-AppService-Proto="https" X-Forwarded-TlsVersion="1.3" X-WAWS-Unencoded-URL="/api/deployments/latest" X-Client-IP="102.66.125.105" X-Client-Port="52074" >
  <step title="Cleanup Xml Logs" date="2025-08-28T17:01:19.590" >
    <step title="Cleanup Infos" date="2025-08-28T17:01:19.596" totalFiles="336" totalCleanup="176" /><!-- duration: 2ms -->
  </step><!-- duration: 8ms -->
  <step title="DeploymentService.GetResult" date="2025-08-28T17:01:19.611" >
    <step title="DeploymentService.GetLatestDeployment" date="2025-08-28T17:01:19.612" >
      <step title="DeploymentManager.GetResults" date="2025-08-28T17:01:19.613" /><!-- duration: 357ms -->
    </step><!-- duration: 361ms -->
  </step><!-- duration: 363ms -->
  <step title="Outgoing response" date="2025-08-28T17:01:19.976" type="response" statusCode="202" statusText="Accepted" /><!-- duration: 1ms -->
</step><!-- duration: 399ms -->
