<step title="BackgroundTrace" date="2025-08-28T13:35:39.437" instance="7f1a8d" url="/api/publish" method="POST" >
  <step title="Cleanup Xml Logs" date="2025-08-28T13:35:39.447" /><!-- duration: 5ms -->
  <step title="Creating temporary deployment - FetchDeploymentManager" date="2025-08-28T13:35:39.472" /><!-- duration: 1ms -->
  <step title="Creating temporary deployment" date="2025-08-28T13:35:39.474" /><!-- duration: 36ms -->
  <step title="Performing fetch based deployment" date="2025-08-28T13:35:39.519" >
    <step title="Cleaning up temp folders from previous zip deployments and extracting pushed zip file /tmp/zipdeploy/71ec5c72-c0f0-4a37-aa25-6f48023bc67d.zip (135.45 MB) to /tmp/zipdeploy/extracted" date="2025-08-28T13:35:40.626" >
      <step title="ChmodRecursive Process exited with total time taken in ms: 299" date="2025-08-28T13:36:26.902" /><!-- duration: 1200ms -->
    </step><!-- duration: 47485ms -->
    <step title="Deployment timer started" date="2025-08-28T13:36:30.115" >
      <step title="DeploymentManager.Deploy(id:da16b666-5c72-4961-a704-7f9c92acb7aa)" date="2025-08-28T13:36:30.117" >
        <step title="Collecting changeset information" date="2025-08-28T13:36:30.145" /><!-- duration: 66ms -->
        <step title="Updating submodules" date="2025-08-28T13:36:30.213" /><!-- duration: 1100ms -->
        <step title="Determining deployment builder" date="2025-08-28T13:36:31.479" >
          <step title="Builder is OneDeployBuilder" date="2025-08-28T13:36:31.486" /><!-- duration: 1ms -->
        </step><!-- duration: 10ms -->
        <step title="PreDeployment: context.CleanOutputPath False" date="2025-08-28T13:36:31.521" >
          <step title="PreDeployment: context.OutputPath /home/site/wwwroot" date="2025-08-28T13:36:31.625" >
            <step title="Building" date="2025-08-28T13:36:31.740" >
              <step title="Executing external process" date="2025-08-28T13:36:32.199" type="process" path="starter.sh" arguments="/opt/Kudu/Scripts/absoluteTar.sh /tmp/zipdeploy/extracted/node_modules /tmp/zipdeploy/extracted/node_modules.tar.gz" /><!-- duration: 11608ms -->
              <step title="Executing external process" date="2025-08-28T13:36:43.957" type="process" path="starter.sh" arguments="/opt/Kudu/Scripts/parallel_rsync.sh /tmp/zipdeploy/extracted /home/site/wwwroot 8 /tmp/ False False node_modules " /><!-- duration: 3479ms -->
              <step title="Modified file to trigger a restart of the app container." date="2025-08-28T13:36:47.985" /><!-- duration: 1ms -->
              <step title="Skip function trigger and logicapp sync because function is not enabled." date="2025-08-28T13:36:47.989" /><!-- duration: 1ms -->
            </step><!-- duration: 17040ms -->
          </step><!-- duration: 17164ms -->
          <step title="Cleaning up temp files" date="2025-08-28T13:36:48.790" /><!-- duration: 2ms -->
          <step title="Cleaning up temp files" date="2025-08-28T13:36:48.797" /><!-- duration: 502ms -->
          <step title="Reloading status file with latest updates" date="2025-08-28T13:36:49.365" >
            <step title="WebHooksManager.PublishEventAsync: PostDeployment" date="2025-08-28T13:36:49.367" /><!-- duration: 21ms -->
          </step><!-- duration: 24ms -->
          <step title="Cleaning up temporary deployment - fetch deployment was successful" date="2025-08-28T13:36:49.392" /><!-- duration: 1ms -->
        </step><!-- duration: 17955ms -->
      </step><!-- duration: 19378ms -->
