<step title="Incoming Request" date="2025-08-28T13:58:09.363" instance="7f1a8d" url="/api/publish?async=true&amp;deployer=GITHUB_ONE_DEPLOY&amp;type=zip&amp;message=%7B%22type%22%3A%22deployment%22%2C%22sha%22%3A%22733172085cc3248de03541f3178b782bc5159784%22%2C%22repoName%22%3A%22JPRoelofseDevforge%2Fsam2%22%2C%22actor%22%3A%22RustedFrost%22%2C%22slotName%22%3A%22Production%22%2C%22commitMessage%22%3A%22more%22%7D" method="POST" type="request" pid="822,1,52" Host="samdashboardapi.scm.azurewebsites.net" User-Agent="GITHUBACTIONS_DeployWebAppToAzure_19c9d7508924a527ab10b75d8dbb4827cb35707276962fd3a666e3ae3b53fd43" Authorization="Bea..." Content-Type="application/octet-stream" Cookie="ARRAffinity=7f1a8d376a83fdb83d78d08c3afa570b9eb71dbd4ed444b8e2a36ca0d9c4345c;Path=/;HttpOnly;Secure;Domain=samdashboardapi.scm.azurewebsites.net; ARRAffinitySameSite=7f1a8d376a83fdb83d78d08c3afa570b9eb71dbd4ed444b8e2a36ca0d9c4345c;Path=/;HttpOnly;SameSite=None;Secure;Domain=samdashboardapi.scm.azurewebsites.net" Transfer-Encoding="chunked" X-ARR-LOG-ID="f0c1cc50-4c55-4200-aa93-ceadbc639b1a" CLIENT-IP="68.220.59.225:47112" X-SITE-DEPLOYMENT-ID="samdashboardapi" WAS-DEFAULT-HOSTNAME="samdashboardapi.scm.azurewebsites.net" X-Forwarded-Proto="https" X-AppService-Proto="https" X-Forwarded-TlsVersion="1.3" X-WAWS-Unencoded-URL="/api/publish?async=true&amp;deployer=GITHUB_ONE_DEPLOY&amp;type=zip&amp;message=%7B%22type%22%3A%22deployment%22%2C%22sha%22%3A%22733172085cc3248de03541f3178b782bc5159784%22%2C%22repoName%22%3A%22JPRoelofseDevforge%2Fsam2%22%2C%22actor%22%3A%22RustedFrost%22%2C%22slotName%22%3A%22Production%22%2C%22commitMessage%22%3A%22more%22%7D" X-Client-IP="68.220.59.225" X-Client-Port="47112" >
  <step title="Cleanup Xml Logs" date="2025-08-28T13:58:09.365" /><!-- duration: 4ms -->
  <step title="OneDeploy" date="2025-08-28T13:58:09.372" >
    <step title="Starting PushDeployAsync" date="2025-08-28T13:58:09.375" /><!-- duration: 1ms -->
    <step title="Removing node_modules symlink" date="2025-08-28T13:58:09.381" >
      <step title="Writing artifact to /tmp/zipdeploy/221f70b6-fef9-43aa-a6cf-c9507fe36c17.zip" date="2025-08-28T13:58:09.399" >
        <step title="Writing multipart request body to /tmp/zipdeploy/221f70b6-fef9-43aa-a6cf-c9507fe36c17.zip" date="2025-08-28T13:58:09.400" /><!-- duration: 3ms -->
      </step><!-- duration: 12478ms -->
      <step title="Start deployment in the background" date="2025-08-28T13:58:21.885" >
        <step title="Acquiring Deployment Lock" date="2025-08-28T13:58:21.904" /><!-- duration: 2ms -->
        <step title="Acquired Deployment Lock" date="2025-08-28T13:58:21.920" /><!-- duration: 1ms -->
      </step><!-- duration: 86ms -->
    </step><!-- duration: 12590ms -->
    <step title="Outgoing response" date="2025-08-28T13:58:21.973" type="response" statusCode="202" statusText="Accepted" /><!-- duration: 1ms -->
  </step><!-- duration: 12603ms -->
