<step title="BackgroundTrace" date="2025-08-28T16:55:05.262" instance="7f1a8d" url="/api/zipdeploy" method="POST" >
  <step title="Cleanup Xml Logs" date="2025-08-28T16:55:05.263" >
    <step title="Cleanup Infos" date="2025-08-28T16:55:05.269" totalFiles="320" totalCleanup="160" /><!-- duration: 2ms -->
  </step><!-- duration: 9ms -->
  <step title="Creating temporary deployment - FetchDeploymentManager" date="2025-08-28T16:55:05.311" /><!-- duration: 1ms -->
  <step title="Creating temporary deployment" date="2025-08-28T16:55:05.313" /><!-- duration: 31ms -->
  <step title="Performing fetch based deployment" date="2025-08-28T16:55:05.368" >
    <step title="Cleaning up temp folders from previous zip deployments and extracting pushed zip file /tmp/zipdeploy/4b138a4b-97c8-4bd6-a2f2-c54bd94b32c4.zip (9.79 MB) to /tmp/zipdeploy/extracted" date="2025-08-28T16:55:06.513" >
      <step title="ChmodRecursive Process exited with total time taken in ms: 12" date="2025-08-28T16:55:06.727" /><!-- duration: 2ms -->
    </step><!-- duration: 218ms -->
    <step title="Deployment timer started" date="2025-08-28T16:55:08.734" >
      <step title="DeploymentManager.Deploy(id:a5a7d12c-7fa2-4002-81ce-1dc01da561dc)" date="2025-08-28T16:55:08.737" >
        <step title="Collecting changeset information" date="2025-08-28T16:55:08.764" /><!-- duration: 75ms -->
        <step title="Updating submodules" date="2025-08-28T16:55:08.841" /><!-- duration: 1122ms -->
        <step title="Determining deployment builder" date="2025-08-28T16:55:10.659" >
          <step title="Builder is CustomBuilder" date="2025-08-28T16:55:10.662" /><!-- duration: 1ms -->
        </step><!-- duration: 5ms -->
        <step title="PreDeployment: context.CleanOutputPath False" date="2025-08-28T16:55:10.689" >
          <step title="PreDeployment: context.OutputPath /home/site/wwwroot" date="2025-08-28T16:55:10.762" >
            <step title="Building" date="2025-08-28T16:55:10.886" >
              <step title="Executing external process" date="2025-08-28T16:55:11.373" type="process" path="starter.sh" arguments="bash startup.sh" >
                <step title="Process dump" date="2025-08-28T16:55:13.444" exitCode="1" type="processOutput" /><!-- duration: 1ms -->
              </step><!-- duration: 2073ms -->
              <step title="Error occurred" date="2025-08-28T16:55:13.451" type="error" text="You are using Node.js 18.17.1. Vite requires Node.js version 20.19+ or 22.12+. Please upgrade your Node.js version.
failed to load config from /home/site/wwwroot/vite.config.ts
error during build:
Error [ERR_MODULE_NOT_FOUND]: Cannot find package &apos;vite&apos; imported from /home/site/wwwroot/node_modules/.vite-temp/vite.config.ts.timestamp-1756400112918-8641eac5ee0a3.mjs
    at new NodeError (node:internal/errors:405:5)
    at packageResolve (node:internal/modules/esm/resolve:887:9)
    at moduleResolve (node:internal/modules/esm/resolve:936:20)
    at defaultResolve (node:internal/modules/esm/resolve:1129:11)
    at nextResolve (node:internal/modules/esm/loader:163:28)
    at ESMLoader.resolve (node:internal/modules/esm/loader:835:30)
    at ESMLoader.getModuleJob (node:internal/modules/esm/loader:424:18)
    at ModuleWrap.&lt;anonymous&gt; (node:internal/modules/esm/module_job:77:40)
    at link (node:internal/modules/esm/module_job:76:36)
node:internal/errors:496
    ErrorCaptureStackTrace(err);
    ^

Error [ERR_MODULE_NOT_FOUND]: Cannot find module &apos;/home/site/wwwroot/services/weatherCache.js&apos; imported from /home/site/wwwroot/dist/server.js
    at new NodeError (node:internal/errors:405:5)
    at finalizeResolution (node:internal/modules/esm/resolve:324:11)
    at moduleResolve (node:internal/modules/esm/resolve:943:10)
    at defaultResolve (node:internal/modules/esm/resolve:1129:11)
    at nextResolve (node:internal/modules/esm/loader:163:28)
    at ESMLoader.resolve (node:internal/modules/esm/loader:835:30)
    at ESMLoader.getModuleJob (node:internal/modules/esm/loader:424:18)
    at ModuleWrap.&lt;anonymous&gt; (node:internal/modules/esm/module_job:77:40)
    at link (node:internal/modules/esm/module_job:76:36) {
  code: &apos;ERR_MODULE_NOT_FOUND&apos;
}

Node.js v18.17.1
/opt/Kudu/Scripts/starter.sh bash startup.sh" stackTrace="   at Kudu.Core.Infrastructure.Executable.ExecuteInternal(ITracer tracer, Func`2 onWriteOutput, Func`2 onWriteError, CancellationToken token, Encoding encoding, String arguments, Object[] args) in /tmp/KuduLite/Kudu.Core/Infrastructure/Executable.cs:line 239
   at Kudu.Core.Infrastructure.Executable.ExecuteWithProgressWriter(ILogger logger, ITracer tracer, CancellationToken token, String arguments, Object[] args) in /tmp/KuduLite/Kudu.Core/Infrastructure/Executable.cs:line 118
   at Kudu.Core.Deployment.Generator.ExternalCommandBuilder.RunCommand(DeploymentContext context, String command, Boolean ignoreManifest, CancellationToken token, String message) in /tmp/KuduLite/Kudu.Core/Deployment/Generator/ExternalCommandBuilder.cs:line 122" /><!-- duration: 1ms -->
              <step title="Error occurred" date="2025-08-28T16:55:13.454" type="error" text="You are using Node.js 18.17.1. Vite requires Node.js version 20.19+ or 22.12+. Please upgrade your Node.js version.
failed to load config from /home/site/wwwroot/vite.config.ts
error during build:
Error [ERR_MODULE_NOT_FOUND]: Cannot find package &apos;vite&apos; imported from /home/site/wwwroot/node_modules/.vite-temp/vite.config.ts.timestamp-1756400112918-8641eac5ee0a3.mjs
    at new NodeError (node:internal/errors:405:5)
    at packageResolve (node:internal/modules/esm/resolve:887:9)
    at moduleResolve (node:internal/modules/esm/resolve:936:20)
    at defaultResolve (node:internal/modules/esm/resolve:1129:11)
    at nextResolve (node:internal/modules/esm/loader:163:28)
    at ESMLoader.resolve (node:internal/modules/esm/loader:835:30)
    at ESMLoader.getModuleJob (node:internal/modules/esm/loader:424:18)
    at ModuleWrap.&lt;anonymous&gt; (node:internal/modules/esm/module_job:77:40)
    at link (node:internal/modules/esm/module_job:76:36)
node:internal/errors:496
    ErrorCaptureStackTrace(err);
    ^

Error [ERR_MODULE_NOT_FOUND]: Cannot find module &apos;/home/site/wwwroot/services/weatherCache.js&apos; imported from /home/site/wwwroot/dist/server.js
    at new NodeError (node:internal/errors:405:5)
    at finalizeResolution (node:internal/modules/esm/resolve:324:11)
    at moduleResolve (node:internal/modules/esm/resolve:943:10)
    at defaultResolve (node:internal/modules/esm/resolve:1129:11)
    at nextResolve (node:internal/modules/esm/loader:163:28)
    at ESMLoader.resolve (node:internal/modules/esm/loader:835:30)
    at ESMLoader.getModuleJob (node:internal/modules/esm/loader:424:18)
    at ModuleWrap.&lt;anonymous&gt; (node:internal/modules/esm/module_job:77:40)
    at link (node:internal/modules/esm/module_job:76:36) {
  code: &apos;ERR_MODULE_NOT_FOUND&apos;
}

Node.js v18.17.1
/opt/Kudu/Scripts/starter.sh bash startup.sh" stackTrace="   at Kudu.Core.Infrastructure.Executable.ExecuteInternal(ITracer tracer, Func`2 onWriteOutput, Func`2 onWriteError, CancellationToken token, Encoding encoding, String arguments, Object[] args) in /tmp/KuduLite/Kudu.Core/Infrastructure/Executable.cs:line 239
   at Kudu.Core.Infrastructure.Executable.ExecuteWithProgressWriter(ILogger logger, ITracer tracer, CancellationToken token, String arguments, Object[] args) in /tmp/KuduLite/Kudu.Core/Infrastructure/Executable.cs:line 118
   at Kudu.Core.Deployment.Generator.ExternalCommandBuilder.RunCommand(DeploymentContext context, String command, Boolean ignoreManifest, CancellationToken token, String message) in /tmp/KuduLite/Kudu.Core/Deployment/Generator/ExternalCommandBuilder.cs:line 122
   at Kudu.Core.Deployment.Generator.CustomBuilder.Build(DeploymentContext context, CancellationToken token) in /tmp/KuduLite/Kudu.Core/Deployment/Generator/CustomBuilder.cs:line 53
--- End of stack trace from previous location ---
   at Kudu.Core.Deployment.DeploymentManager.Build(ChangeSet changeSet, ITracer tracer, IDisposable deployStep, IRepository repository, DeploymentInfoBase deploymentInfo, DeploymentAnalytics deploymentAnalytics, Boolean fullBuildByDefault, CancellationToken cancellationToken) in /tmp/KuduLite/Kudu.Core/Deployment/DeploymentManager.cs:line 771" /><!-- duration: 1ms -->
              <step title="Purge deployment items" date="2025-08-28T16:55:13.914" >
                <step title="Remove 0c324ad6-, Failed, received at 08/28/2025 16:47:48" date="2025-08-28T16:55:13.948" /><!-- duration: 2ms -->
              </step><!-- duration: 37ms -->
            </step><!-- duration: 3071ms -->
          </step><!-- duration: 3196ms -->
          <step title="Error occurred" date="2025-08-28T16:55:13.959" type="error" text="You are using Node.js 18.17.1. Vite requires Node.js version 20.19+ or 22.12+. Please upgrade your Node.js version.
failed to load config from /home/site/wwwroot/vite.config.ts
error during build:
Error [ERR_MODULE_NOT_FOUND]: Cannot find package &apos;vite&apos; imported from /home/site/wwwroot/node_modules/.vite-temp/vite.config.ts.timestamp-1756400112918-8641eac5ee0a3.mjs
    at new NodeError (node:internal/errors:405:5)
    at packageResolve (node:internal/modules/esm/resolve:887:9)
    at moduleResolve (node:internal/modules/esm/resolve:936:20)
    at defaultResolve (node:internal/modules/esm/resolve:1129:11)
    at nextResolve (node:internal/modules/esm/loader:163:28)
    at ESMLoader.resolve (node:internal/modules/esm/loader:835:30)
    at ESMLoader.getModuleJob (node:internal/modules/esm/loader:424:18)
    at ModuleWrap.&lt;anonymous&gt; (node:internal/modules/esm/module_job:77:40)
    at link (node:internal/modules/esm/module_job:76:36)
node:internal/errors:496
    ErrorCaptureStackTrace(err);
    ^

Error [ERR_MODULE_NOT_FOUND]: Cannot find module &apos;/home/site/wwwroot/services/weatherCache.js&apos; imported from /home/site/wwwroot/dist/server.js
    at new NodeError (node:internal/errors:405:5)
    at finalizeResolution (node:internal/modules/esm/resolve:324:11)
    at moduleResolve (node:internal/modules/esm/resolve:943:10)
    at defaultResolve (node:internal/modules/esm/resolve:1129:11)
    at nextResolve (node:internal/modules/esm/loader:163:28)
    at ESMLoader.resolve (node:internal/modules/esm/loader:835:30)
    at ESMLoader.getModuleJob (node:internal/modules/esm/loader:424:18)
    at ModuleWrap.&lt;anonymous&gt; (node:internal/modules/esm/module_job:77:40)
    at link (node:internal/modules/esm/module_job:76:36) {
  code: &apos;ERR_MODULE_NOT_FOUND&apos;
}

Node.js v18.17.1
/opt/Kudu/Scripts/starter.sh bash startup.sh" stackTrace="   at Kudu.Core.Infrastructure.Executable.ExecuteInternal(ITracer tracer, Func`2 onWriteOutput, Func`2 onWriteError, CancellationToken token, Encoding encoding, String arguments, Object[] args) in /tmp/KuduLite/Kudu.Core/Infrastructure/Executable.cs:line 239
   at Kudu.Core.Infrastructure.Executable.ExecuteWithProgressWriter(ILogger logger, ITracer tracer, CancellationToken token, String arguments, Object[] args) in /tmp/KuduLite/Kudu.Core/Infrastructure/Executable.cs:line 118
   at Kudu.Core.Deployment.Generator.ExternalCommandBuilder.RunCommand(DeploymentContext context, String command, Boolean ignoreManifest, CancellationToken token, String message) in /tmp/KuduLite/Kudu.Core/Deployment/Generator/ExternalCommandBuilder.cs:line 122
   at Kudu.Core.Deployment.Generator.CustomBuilder.Build(DeploymentContext context, CancellationToken token) in /tmp/KuduLite/Kudu.Core/Deployment/Generator/CustomBuilder.cs:line 53
--- End of stack trace from previous location ---
   at Kudu.Core.Deployment.DeploymentManager.Build(ChangeSet changeSet, ITracer tracer, IDisposable deployStep, IRepository repository, DeploymentInfoBase deploymentInfo, DeploymentAnalytics deploymentAnalytics, Boolean fullBuildByDefault, CancellationToken cancellationToken) in /tmp/KuduLite/Kudu.Core/Deployment/DeploymentManager.cs:line 771
   at Kudu.Core.Deployment.DeploymentManager.Build(ChangeSet changeSet, ITracer tracer, IDisposable deployStep, IRepository repository, DeploymentInfoBase deploymentInfo, DeploymentAnalytics deploymentAnalytics, Boolean fullBuildByDefault, CancellationToken cancellationToken) in /tmp/KuduLite/Kudu.Core/Deployment/DeploymentManager.cs:line 840" /><!-- duration: 1ms -->
          <step title="Cleaning up temp files" date="2025-08-28T16:55:13.993" /><!-- duration: 1ms -->
          <step title="Cleaning up temp files" date="2025-08-28T16:55:13.995" /><!-- duration: 503ms -->
          <step title="Error occurred" date="2025-08-28T16:55:14.519" type="error" text="You are using Node.js 18.17.1. Vite requires Node.js version 20.19+ or 22.12+. Please upgrade your Node.js version.
failed to load config from /home/site/wwwroot/vite.config.ts
error during build:
Error [ERR_MODULE_NOT_FOUND]: Cannot find package &apos;vite&apos; imported from /home/site/wwwroot/node_modules/.vite-temp/vite.config.ts.timestamp-1756400112918-8641eac5ee0a3.mjs
    at new NodeError (node:internal/errors:405:5)
    at packageResolve (node:internal/modules/esm/resolve:887:9)
    at moduleResolve (node:internal/modules/esm/resolve:936:20)
    at defaultResolve (node:internal/modules/esm/resolve:1129:11)
    at nextResolve (node:internal/modules/esm/loader:163:28)
    at ESMLoader.resolve (node:internal/modules/esm/loader:835:30)
    at ESMLoader.getModuleJob (node:internal/modules/esm/loader:424:18)
    at ModuleWrap.&lt;anonymous&gt; (node:internal/modules/esm/module_job:77:40)
    at link (node:internal/modules/esm/module_job:76:36)
node:internal/errors:496
    ErrorCaptureStackTrace(err);
    ^

Error [ERR_MODULE_NOT_FOUND]: Cannot find module &apos;/home/site/wwwroot/services/weatherCache.js&apos; imported from /home/site/wwwroot/dist/server.js
    at new NodeError (node:internal/errors:405:5)
    at finalizeResolution (node:internal/modules/esm/resolve:324:11)
    at moduleResolve (node:internal/modules/esm/resolve:943:10)
    at defaultResolve (node:internal/modules/esm/resolve:1129:11)
    at nextResolve (node:internal/modules/esm/loader:163:28)
    at ESMLoader.resolve (node:internal/modules/esm/loader:835:30)
    at ESMLoader.getModuleJob (node:internal/modules/esm/loader:424:18)
    at ModuleWrap.&lt;anonymous&gt; (node:internal/modules/esm/module_job:77:40)
    at link (node:internal/modules/esm/module_job:76:36) {
  code: &apos;ERR_MODULE_NOT_FOUND&apos;
}

Node.js v18.17.1
/opt/Kudu/Scripts/starter.sh bash startup.sh" stackTrace="   at Kudu.Core.Infrastructure.Executable.ExecuteInternal(ITracer tracer, Func`2 onWriteOutput, Func`2 onWriteError, CancellationToken token, Encoding encoding, String arguments, Object[] args) in /tmp/KuduLite/Kudu.Core/Infrastructure/Executable.cs:line 239
   at Kudu.Core.Infrastructure.Executable.ExecuteWithProgressWriter(ILogger logger, ITracer tracer, CancellationToken token, String arguments, Object[] args) in /tmp/KuduLite/Kudu.Core/Infrastructure/Executable.cs:line 118
   at Kudu.Core.Deployment.Generator.ExternalCommandBuilder.RunCommand(DeploymentContext context, String command, Boolean ignoreManifest, CancellationToken token, String message) in /tmp/KuduLite/Kudu.Core/Deployment/Generator/ExternalCommandBuilder.cs:line 122
   at Kudu.Core.Deployment.Generator.CustomBuilder.Build(DeploymentContext context, CancellationToken token) in /tmp/KuduLite/Kudu.Core/Deployment/Generator/CustomBuilder.cs:line 53
--- End of stack trace from previous location ---
   at Kudu.Core.Deployment.DeploymentManager.Build(ChangeSet changeSet, ITracer tracer, IDisposable deployStep, IRepository repository, DeploymentInfoBase deploymentInfo, DeploymentAnalytics deploymentAnalytics, Boolean fullBuildByDefault, CancellationToken cancellationToken) in /tmp/KuduLite/Kudu.Core/Deployment/DeploymentManager.cs:line 771
   at Kudu.Core.Deployment.DeploymentManager.Build(ChangeSet changeSet, ITracer tracer, IDisposable deployStep, IRepository repository, DeploymentInfoBase deploymentInfo, DeploymentAnalytics deploymentAnalytics, Boolean fullBuildByDefault, CancellationToken cancellationToken) in /tmp/KuduLite/Kudu.Core/Deployment/DeploymentManager.cs:line 840
   at Kudu.Core.Deployment.DeploymentManager.DeployAsync(IRepository repository, ChangeSet changeSet, String deployer, Boolean clean, DeploymentInfoBase deploymentInfo, Boolean needFileUpdate, Boolean fullBuildByDefault) in /tmp/KuduLite/Kudu.Core/Deployment/DeploymentManager.cs:line 266" /><!-- duration: 1ms -->
        </step><!-- duration: 3833ms -->
        <step title="Reloading status file with latest updates" date="2025-08-28T16:55:14.545" >
          <step title="WebHooksManager.PublishEventAsync: PostDeployment" date="2025-08-28T16:55:14.546" /><!-- duration: 16ms -->
        </step><!-- duration: 18ms -->
        <step title="Error occurred" date="2025-08-28T16:55:14.564" type="error" text="You are using Node.js 18.17.1. Vite requires Node.js version 20.19+ or 22.12+. Please upgrade your Node.js version.
failed to load config from /home/site/wwwroot/vite.config.ts
error during build:
Error [ERR_MODULE_NOT_FOUND]: Cannot find package &apos;vite&apos; imported from /home/site/wwwroot/node_modules/.vite-temp/vite.config.ts.timestamp-1756400112918-8641eac5ee0a3.mjs
    at new NodeError (node:internal/errors:405:5)
    at packageResolve (node:internal/modules/esm/resolve:887:9)
    at moduleResolve (node:internal/modules/esm/resolve:936:20)
    at defaultResolve (node:internal/modules/esm/resolve:1129:11)
    at nextResolve (node:internal/modules/esm/loader:163:28)
    at ESMLoader.resolve (node:internal/modules/esm/loader:835:30)
    at ESMLoader.getModuleJob (node:internal/modules/esm/loader:424:18)
    at ModuleWrap.&lt;anonymous&gt; (node:internal/modules/esm/module_job:77:40)
    at link (node:internal/modules/esm/module_job:76:36)
node:internal/errors:496
    ErrorCaptureStackTrace(err);
    ^

Error [ERR_MODULE_NOT_FOUND]: Cannot find module &apos;/home/site/wwwroot/services/weatherCache.js&apos; imported from /home/site/wwwroot/dist/server.js
    at new NodeError (node:internal/errors:405:5)
    at finalizeResolution (node:internal/modules/esm/resolve:324:11)
    at moduleResolve (node:internal/modules/esm/resolve:943:10)
    at defaultResolve (node:internal/modules/esm/resolve:1129:11)
    at nextResolve (node:internal/modules/esm/loader:163:28)
    at ESMLoader.resolve (node:internal/modules/esm/loader:835:30)
    at ESMLoader.getModuleJob (node:internal/modules/esm/loader:424:18)
    at ModuleWrap.&lt;anonymous&gt; (node:internal/modules/esm/module_job:77:40)
    at link (node:internal/modules/esm/module_job:76:36) {
  code: &apos;ERR_MODULE_NOT_FOUND&apos;
}

Node.js v18.17.1
/opt/Kudu/Scripts/starter.sh bash startup.sh" stackTrace="   at Kudu.Core.Infrastructure.Executable.ExecuteInternal(ITracer tracer, Func`2 onWriteOutput, Func`2 onWriteError, CancellationToken token, Encoding encoding, String arguments, Object[] args) in /tmp/KuduLite/Kudu.Core/Infrastructure/Executable.cs:line 239
   at Kudu.Core.Infrastructure.Executable.ExecuteWithProgressWriter(ILogger logger, ITracer tracer, CancellationToken token, String arguments, Object[] args) in /tmp/KuduLite/Kudu.Core/Infrastructure/Executable.cs:line 118
   at Kudu.Core.Deployment.Generator.ExternalCommandBuilder.RunCommand(DeploymentContext context, String command, Boolean ignoreManifest, CancellationToken token, String message) in /tmp/KuduLite/Kudu.Core/Deployment/Generator/ExternalCommandBuilder.cs:line 122
   at Kudu.Core.Deployment.Generator.CustomBuilder.Build(DeploymentContext context, CancellationToken token) in /tmp/KuduLite/Kudu.Core/Deployment/Generator/CustomBuilder.cs:line 53
--- End of stack trace from previous location ---
   at Kudu.Core.Deployment.DeploymentManager.Build(ChangeSet changeSet, ITracer tracer, IDisposable deployStep, IRepository repository, DeploymentInfoBase deploymentInfo, DeploymentAnalytics deploymentAnalytics, Boolean fullBuildByDefault, CancellationToken cancellationToken) in /tmp/KuduLite/Kudu.Core/Deployment/DeploymentManager.cs:line 771
   at Kudu.Core.Deployment.DeploymentManager.Build(ChangeSet changeSet, ITracer tracer, IDisposable deployStep, IRepository repository, DeploymentInfoBase deploymentInfo, DeploymentAnalytics deploymentAnalytics, Boolean fullBuildByDefault, CancellationToken cancellationToken) in /tmp/KuduLite/Kudu.Core/Deployment/DeploymentManager.cs:line 840
   at Kudu.Core.Deployment.DeploymentManager.DeployAsync(IRepository repository, ChangeSet changeSet, String deployer, Boolean clean, DeploymentInfoBase deploymentInfo, Boolean needFileUpdate, Boolean fullBuildByDefault) in /tmp/KuduLite/Kudu.Core/Deployment/DeploymentManager.cs:line 266" /><!-- duration: 1ms -->
        <step title="Marking deployment as failed and cleaning up the temp deployment" date="2025-08-28T16:55:14.588" /><!-- duration: 1ms -->
      </step><!-- duration: 5949ms -->
      <step title="Error occurred" date="2025-08-28T16:55:14.695" type="error" text="One or more errors occurred. (Deployment failed)" stackTrace="   at System.Threading.Tasks.Task.Wait(Int32 millisecondsTimeout, CancellationToken cancellationToken)
   at System.Threading.Tasks.Task.Wait()
   at Kudu.Core.Deployment.FetchDeploymentManager.&lt;&gt;c__DisplayClass22_1.&lt;PerformBackgroundDeployment&gt;b__3() in /tmp/KuduLite/Kudu.Core/Deployment/FetchDeploymentManager.cs:line 414
   at Kudu.Contracts.Infrastructure.LockExtensions.TryLockOperation(IOperationLock lockObj, Action operation, String operationName, TimeSpan timeout) in /tmp/KuduLite/Kudu.Contracts/Infrastructure/LockExtensions.cs:line 34
   at Kudu.Contracts.Infrastructure.LockExtensions.LockOperation(IOperationLock lockObj, Action operation, String operationName, TimeSpan timeout) in /tmp/KuduLite/Kudu.Contracts/Infrastructure/LockExtensions.cs:line 46
   at Kudu.Core.Deployment.FetchDeploymentManager.&lt;&gt;c__DisplayClass22_0.&lt;PerformBackgroundDeployment&gt;b__1() in /tmp/KuduLite/Kudu.Core/Deployment/FetchDeploymentManager.cs:line 393" innerText="Deployment failed" innerStackTrace="   at Kudu.Core.Deployment.DeploymentManager.DeployAsync(IRepository repository, ChangeSet changeSet, String deployer, Boolean clean, DeploymentInfoBase deploymentInfo, Boolean needFileUpdate, Boolean fullBuildByDefault) in /tmp/KuduLite/Kudu.Core/Deployment/DeploymentManager.cs:line 307
   at Kudu.Core.Deployment.FetchDeploymentManager.PerformDeployment(DeploymentInfoBase deploymentInfo, IDisposable tempDeployment, ChangeSet tempChangeSet, DeployStatusApiResult updateStatusObj) in /tmp/KuduLite/Kudu.Core/Deployment/FetchDeploymentManager.cs:line 230" /><!-- duration: 1ms -->
    </step><!-- duration: 5963ms -->
