<step title="Incoming Request" date="2025-08-28T14:07:12.754" instance="7f1a8d" url="/api/publish?async=true&amp;deployer=GITHUB_ONE_DEPLOY&amp;type=zip&amp;message=%7B%22type%22%3A%22deployment%22%2C%22sha%22%3A%22c4f64151285b4c534729086002b3f6a0e2b1d5a0%22%2C%22repoName%22%3A%22JPRoelofseDevforge%2Fsam2%22%2C%22actor%22%3A%22RustedFrost%22%2C%22slotName%22%3A%22Production%22%2C%22commitMessage%22%3A%22safety%20features%22%7D" method="POST" type="request" pid="822,1,5" Host="samdashboardapi.scm.azurewebsites.net" User-Agent="GITHUBACTIONS_DeployWebAppToAzure_19c9d7508924a527ab10b75d8dbb4827cb35707276962fd3a666e3ae3b53fd43" Authorization="Bea..." Content-Type="application/octet-stream" Cookie="ARRAffinity=7f1a8d376a83fdb83d78d08c3afa570b9eb71dbd4ed444b8e2a36ca0d9c4345c;Path=/;HttpOnly;Secure;Domain=samdashboardapi.scm.azurewebsites.net; ARRAffinitySameSite=7f1a8d376a83fdb83d78d08c3afa570b9eb71dbd4ed444b8e2a36ca0d9c4345c;Path=/;HttpOnly;SameSite=None;Secure;Domain=samdashboardapi.scm.azurewebsites.net" Transfer-Encoding="chunked" X-ARR-LOG-ID="c5faceb2-0cb1-4cef-8ca9-ca262c5f3cf1" CLIENT-IP="172.208.86.184:3136" X-SITE-DEPLOYMENT-ID="samdashboardapi" WAS-DEFAULT-HOSTNAME="samdashboardapi.scm.azurewebsites.net" X-Forwarded-Proto="https" X-AppService-Proto="https" X-Forwarded-TlsVersion="1.3" X-WAWS-Unencoded-URL="/api/publish?async=true&amp;deployer=GITHUB_ONE_DEPLOY&amp;type=zip&amp;message=%7B%22type%22%3A%22deployment%22%2C%22sha%22%3A%22c4f64151285b4c534729086002b3f6a0e2b1d5a0%22%2C%22repoName%22%3A%22JPRoelofseDevforge%2Fsam2%22%2C%22actor%22%3A%22RustedFrost%22%2C%22slotName%22%3A%22Production%22%2C%22commitMessage%22%3A%22safety%20features%22%7D" X-Client-IP="172.208.86.184" X-Client-Port="3136" >
  <step title="Cleanup Xml Logs" date="2025-08-28T14:07:12.756" /><!-- duration: 4ms -->
  <step title="OneDeploy" date="2025-08-28T14:07:12.763" >
    <step title="Starting PushDeployAsync" date="2025-08-28T14:07:12.766" /><!-- duration: 1ms -->
    <step title="Removing node_modules symlink" date="2025-08-28T14:07:12.771" >
      <step title="Removing _del_node_modules symlink" date="2025-08-28T14:07:12.790" >
        <step title="Writing artifact to /tmp/zipdeploy/4da5217c-8266-43aa-9bf8-660e77c7b085.zip" date="2025-08-28T14:07:12.800" >
          <step title="Writing multipart request body to /tmp/zipdeploy/4da5217c-8266-43aa-9bf8-660e77c7b085.zip" date="2025-08-28T14:07:12.801" /><!-- duration: 1ms -->
        </step><!-- duration: 10012ms -->
        <step title="Start deployment in the background" date="2025-08-28T14:07:22.821" >
          <step title="Acquiring Deployment Lock" date="2025-08-28T14:07:22.832" /><!-- duration: 1ms -->
          <step title="Acquired Deployment Lock" date="2025-08-28T14:07:22.849" /><!-- duration: 1ms -->
        </step><!-- duration: 100ms -->
      </step><!-- duration: 10132ms -->
      <step title="Outgoing response" date="2025-08-28T14:07:22.932" type="response" statusCode="202" statusText="Accepted" /><!-- duration: 1ms -->
    </step><!-- duration: 10164ms -->
