<step title="Incoming Request" date="2025-08-28T16:05:51.627" instance="7f1a8d" url="/api/deployments/latest?deployer=OneDeploy&amp;time=2025-08-28_16-04-50Z" method="GET" type="request" pid="820,1,23" Host="samdashboardapi.scm.azurewebsites.net" User-Agent="GITHUBACTIONS_DeployWebAppToAzure_19c9d7508924a527ab10b75d8dbb4827cb35707276962fd3a666e3ae3b53fd43" Authorization="Bea..." Content-Type="application/json; charset=utf-8" Cookie="ARRAffinity=7f1a8d376a83fdb83d78d08c3afa570b9eb71dbd4ed444b8e2a36ca0d9c4345c;Path=/;HttpOnly;Secure;Domain=samdashboardapi.scm.azurewebsites.net; ARRAffinitySameSite=7f1a8d376a83fdb83d78d08c3afa570b9eb71dbd4ed444b8e2a36ca0d9c4345c;Path=/;HttpOnly;SameSite=None;Secure;Domain=samdashboardapi.scm.azurewebsites.net" Content-Length="0" X-ARR-LOG-ID="096ae071-a60e-4233-8ed1-87f6ee7bc2af" CLIENT-IP="48.214.53.182:28673" X-SITE-DEPLOYMENT-ID="samdashboardapi" WAS-DEFAULT-HOSTNAME="samdashboardapi.scm.azurewebsites.net" X-Forwarded-Proto="https" X-AppService-Proto="https" X-Forwarded-TlsVersion="1.3" X-WAWS-Unencoded-URL="/api/deployments/latest?deployer=OneDeploy&amp;time=2025-08-28_16-04-50Z" X-Client-IP="48.214.53.182" X-Client-Port="28673" >
  <step title="Cleanup Xml Logs" date="2025-08-28T16:05:51.629" >
    <step title="Cleanup Infos" date="2025-08-28T16:05:51.634" totalFiles="235" totalCleanup="75" /><!-- duration: 1ms -->
  </step><!-- duration: 10ms -->
  <step title="DeploymentService.GetResult" date="2025-08-28T16:05:51.643" >
    <step title="DeploymentService.GetLatestDeployment" date="2025-08-28T16:05:51.644" >
      <step title="DeploymentManager.GetResults" date="2025-08-28T16:05:51.645" /><!-- duration: 382ms -->
    </step><!-- duration: 384ms -->
  </step><!-- duration: 386ms -->
  <step title="Outgoing response" date="2025-08-28T16:05:52.033" type="response" statusCode="202" statusText="Accepted" /><!-- duration: 1ms -->
</step><!-- duration: 408ms -->
