<step title="Incoming Request" date="2025-08-28T16:21:41.932" instance="7f1a8d" url="/api/deployments/latest" method="GET" type="request" pid="820,1,5" Accept="*/*" Host="samdashboardapi.scm.azurewebsites.net" User-Agent="AZURECLI/2.76.0 (MSI)" Accept-Encoding="gzip, deflate" Authorization="Bea..." x-ms-client-request-id="0d0ee827-842b-11f0-a070-fcb0de71a262" X-ARR-LOG-ID="0d0ee827-842b-11f0-a070-fcb0de71a262" CLIENT-IP="102.66.125.105:52635" X-SITE-DEPLOYMENT-ID="samdashboardapi" WAS-DEFAULT-HOSTNAME="samdashboardapi.scm.azurewebsites.net" X-Forwarded-Proto="https" X-AppService-Proto="https" X-Forwarded-TlsVersion="1.3" X-WAWS-Unencoded-URL="/api/deployments/latest" X-Client-IP="102.66.125.105" X-Client-Port="52635" >
  <step title="Cleanup Xml Logs" date="2025-08-28T16:21:41.934" >
    <step title="Cleanup Infos" date="2025-08-28T16:21:41.956" totalFiles="251" totalCleanup="91" /><!-- duration: 2ms -->
  </step><!-- duration: 25ms -->
  <step title="DeploymentService.GetResult" date="2025-08-28T16:21:41.962" >
    <step title="DeploymentService.GetLatestDeployment" date="2025-08-28T16:21:41.963" >
      <step title="DeploymentManager.GetResults" date="2025-08-28T16:21:41.964" /><!-- duration: 425ms -->
    </step><!-- duration: 427ms -->
  </step><!-- duration: 429ms -->
  <step title="Outgoing response" date="2025-08-28T16:21:42.393" type="response" statusCode="202" statusText="Accepted" /><!-- duration: 1ms -->
</step><!-- duration: 463ms -->
