<step title="Incoming Request" date="2025-08-28T16:25:20.147" instance="7f1a8d" url="/api/zipdeploy?isAsync=true" method="POST" type="request" pid="820,1,26" Accept="*/*" Host="samdashboardapi.scm.azurewebsites.net" User-Agent="AZURECLI/2.76.0 (MSI)" Accept-Encoding="gzip, deflate" Authorization="Bea..." Cache-Control="no-cache" Content-Type="application/octet-stream" Cookie="ARRAffinity=7f1a8d376a83fdb83d78d08c3afa570b9eb71dbd4ed444b8e2a36ca0d9c4345c; ARRAffinitySameSite=7f1a8d376a83fdb83d78d08c3afa570b9eb71dbd4ed444b8e2a36ca0d9c4345c" Content-Length="10260180" x-ms-client-request-id="94a1f8c0-842b-11f0-8aa8-fcb0de71a262" x-ms-artifact-checksum="f5012d06e01c686f7021a4b0c1b50c9def2611a406464b3edc010d18ad60d370" X-ARR-LOG-ID="94a1f8c0-842b-11f0-8aa8-fcb0de71a262" CLIENT-IP="102.66.125.105:52669" X-SITE-DEPLOYMENT-ID="samdashboardapi" WAS-DEFAULT-HOSTNAME="samdashboardapi.scm.azurewebsites.net" X-Forwarded-Proto="https" X-AppService-Proto="https" X-Forwarded-TlsVersion="1.3" X-WAWS-Unencoded-URL="/api/zipdeploy?isAsync=true" X-Client-IP="102.66.125.105" X-Client-Port="52669" >
  <step title="ZipPushDeploy" date="2025-08-28T16:25:20.154" >
    <step title="ZipDeploy. Extract zip." date="2025-08-28T16:25:20.159" /><!-- duration: 1ms -->
    <step title="Starting PushDeployAsync" date="2025-08-28T16:25:20.161" /><!-- duration: 1ms -->
    <step title="Writing artifact to /tmp/zipdeploy/fa591e62-1cc5-4f5e-89e7-766b0f946af4.zip" date="2025-08-28T16:25:20.167" >
      <step title="Writing multipart request body to /tmp/zipdeploy/fa591e62-1cc5-4f5e-89e7-766b0f946af4.zip" date="2025-08-28T16:25:20.168" /><!-- duration: 1ms -->
    </step><!-- duration: 185ms -->
    <step title="Start deployment in the background" date="2025-08-28T16:25:20.361" >
      <step title="Acquiring Deployment Lock" date="2025-08-28T16:25:20.368" /><!-- duration: 2ms -->
      <step title="Acquired Deployment Lock" date="2025-08-28T16:25:20.422" /><!-- duration: 1ms -->
    </step><!-- duration: 119ms -->
  </step><!-- duration: 327ms -->
  <step title="Outgoing response" date="2025-08-28T16:25:20.483" type="response" statusCode="202" statusText="Accepted" /><!-- duration: 1ms -->
</step><!-- duration: 338ms -->
