<step title="Incoming Request" date="2025-08-28T16:17:01.046" instance="7f1a8d" url="/api/zipdeploy?isAsync=true" method="POST" type="request" pid="820,1,5" Accept="*/*" Host="samdashboardapi.scm.azurewebsites.net" User-Agent="AZURECLI/2.76.0 (MSI)" Accept-Encoding="gzip, deflate" Authorization="Bea..." Cache-Control="no-cache" Content-Type="application/octet-stream" Cookie="ARRAffinity=7f1a8d376a83fdb83d78d08c3afa570b9eb71dbd4ed444b8e2a36ca0d9c4345c; ARRAffinitySameSite=7f1a8d376a83fdb83d78d08c3afa570b9eb71dbd4ed444b8e2a36ca0d9c4345c" Content-Length="10260829" x-ms-client-request-id="67091bec-842a-11f0-a589-fcb0de71a262" x-ms-artifact-checksum="f2ce1d7cb1fa5dc947764417557dabf31e20f1550c8b7df5ccb6b459c73b33ac" X-ARR-LOG-ID="67091bec-842a-11f0-a589-fcb0de71a262" CLIENT-IP="102.66.125.105:64845" X-SITE-DEPLOYMENT-ID="samdashboardapi" WAS-DEFAULT-HOSTNAME="samdashboardapi.scm.azurewebsites.net" X-Forwarded-Proto="https" X-AppService-Proto="https" X-Forwarded-TlsVersion="1.3" X-WAWS-Unencoded-URL="/api/zipdeploy?isAsync=true" X-Client-IP="102.66.125.105" X-Client-Port="64845" >
  <step title="ZipPushDeploy" date="2025-08-28T16:17:01.060" >
    <step title="ZipDeploy. Extract zip." date="2025-08-28T16:17:01.066" /><!-- duration: 1ms -->
    <step title="Starting PushDeployAsync" date="2025-08-28T16:17:01.071" /><!-- duration: 1ms -->
    <step title="Writing artifact to /tmp/zipdeploy/f861927d-a0e0-48dc-9ca0-b1f62b1ae3da.zip" date="2025-08-28T16:17:01.083" >
      <step title="Writing multipart request body to /tmp/zipdeploy/f861927d-a0e0-48dc-9ca0-b1f62b1ae3da.zip" date="2025-08-28T16:17:01.085" /><!-- duration: 2ms -->
    </step><!-- duration: 385ms -->
    <step title="Start deployment in the background" date="2025-08-28T16:17:01.474" >
      <step title="Acquiring Deployment Lock" date="2025-08-28T16:17:01.497" /><!-- duration: 1ms -->
      <step title="Acquired Deployment Lock" date="2025-08-28T16:17:01.512" /><!-- duration: 1ms -->
    </step><!-- duration: 112ms -->
  </step><!-- duration: 527ms -->
  <step title="Outgoing response" date="2025-08-28T16:17:01.588" type="response" statusCode="202" statusText="Accepted" /><!-- duration: 1ms -->
</step><!-- duration: 544ms -->
