<step title="BackgroundTrace" date="2025-08-28T15:11:36.333" instance="7f1a8d" url="/api/publish" method="POST" >
  <step title="Cleanup Xml Logs" date="2025-08-28T15:11:36.335" >
    <step title="Cleanup Infos" date="2025-08-28T15:11:36.339" totalFiles="207" totalCleanup="47" /><!-- duration: 2ms -->
  </step><!-- duration: 7ms -->
  <step title="Creating temporary deployment - FetchDeploymentManager" date="2025-08-28T15:11:36.378" /><!-- duration: 1ms -->
  <step title="Creating temporary deployment" date="2025-08-28T15:11:36.380" /><!-- duration: 81ms -->
  <step title="Performing fetch based deployment" date="2025-08-28T15:11:36.470" >
    <step title="Cleaning up temp folders from previous zip deployments and extracting pushed zip file /tmp/zipdeploy/a4cb57ba-5579-4928-9530-259f7f7ff931.zip (135.49 MB) to /tmp/zipdeploy/extracted" date="2025-08-28T15:11:37.596" >
      <step title="ChmodRecursive Process exited with total time taken in ms: 293" date="2025-08-28T15:12:23.751" /><!-- duration: 1ms -->
    </step><!-- duration: 46158ms -->
    <step title="Deployment timer started" date="2025-08-28T15:12:25.757" >
      <step title="DeploymentManager.Deploy(id:f1c68a96-0cbd-4243-b57b-f015468417fc)" date="2025-08-28T15:12:25.759" >
        <step title="Collecting changeset information" date="2025-08-28T15:12:25.774" /><!-- duration: 72ms -->
        <step title="Updating submodules" date="2025-08-28T15:12:25.847" /><!-- duration: 1067ms -->
        <step title="Determining deployment builder" date="2025-08-28T15:12:27.073" >
          <step title="Builder is OneDeployBuilder" date="2025-08-28T15:12:27.077" /><!-- duration: 1ms -->
        </step><!-- duration: 6ms -->
        <step title="PreDeployment: context.CleanOutputPath False" date="2025-08-28T15:12:27.104" >
          <step title="PreDeployment: context.OutputPath /home/site/wwwroot" date="2025-08-28T15:12:27.174" >
            <step title="Building" date="2025-08-28T15:12:27.283" >
              <step title="Executing external process" date="2025-08-28T15:12:27.744" type="process" path="starter.sh" arguments="/opt/Kudu/Scripts/absoluteTar.sh /tmp/zipdeploy/extracted/node_modules /tmp/zipdeploy/extracted/node_modules.tar.gz" /><!-- duration: 11348ms -->
              <step title="Executing external process" date="2025-08-28T15:12:39.550" type="process" path="starter.sh" arguments="/opt/Kudu/Scripts/parallel_rsync.sh /tmp/zipdeploy/extracted /home/site/wwwroot 8 /tmp/ False False node_modules " /><!-- duration: 3537ms -->
              <step title="Modified file to trigger a restart of the app container." date="2025-08-28T15:12:43.556" /><!-- duration: 1ms -->
              <step title="Skip function trigger and logicapp sync because function is not enabled." date="2025-08-28T15:12:43.559" /><!-- duration: 1ms -->
              <step title="Purge deployment items" date="2025-08-28T15:12:44.296" >
                <step title="Remove be66e797-, Success, received at 08/28/2025 12:06:41" date="2025-08-28T15:12:44.323" /><!-- duration: 1ms -->
              </step><!-- duration: 30ms -->
            </step><!-- duration: 17085ms -->
          </step><!-- duration: 17197ms -->
          <step title="Cleaning up temp files" date="2025-08-28T15:12:44.378" /><!-- duration: 1ms -->
          <step title="Cleaning up temp files" date="2025-08-28T15:12:44.380" /><!-- duration: 502ms -->
          <step title="Reloading status file with latest updates" date="2025-08-28T15:12:44.909" >
            <step title="WebHooksManager.PublishEventAsync: PostDeployment" date="2025-08-28T15:12:44.910" /><!-- duration: 15ms -->
          </step><!-- duration: 17ms -->
          <step title="Cleaning up temporary deployment - fetch deployment was successful" date="2025-08-28T15:12:44.928" /><!-- duration: 1ms -->
        </step><!-- duration: 17893ms -->
      </step><!-- duration: 19244ms -->
