<step title="Incoming Request" date="2025-08-28T17:02:21.939" instance="7f1a8d" url="/api/zipdeploy?isAsync=true" method="POST" type="request" pid="821,1,5" Accept="*/*" Host="samdashboardapi.scm.azurewebsites.net" User-Agent="AZURECLI/2.76.0 (MSI)" Accept-Encoding="gzip, deflate" Authorization="Bea..." Cache-Control="no-cache" Content-Type="application/octet-stream" Cookie="ARRAffinity=7f1a8d376a83fdb83d78d08c3afa570b9eb71dbd4ed444b8e2a36ca0d9c4345c; ARRAffinitySameSite=7f1a8d376a83fdb83d78d08c3afa570b9eb71dbd4ed444b8e2a36ca0d9c4345c" Content-Length="10267719" x-ms-client-request-id="c1599797-8430-11f0-bbb6-fcb0de71a262" x-ms-artifact-checksum="4e846f5df63e55e84ea49022a2dc832c437c0ef584631ac48904411020dfef8f" X-ARR-LOG-ID="c1599797-8430-11f0-bbb6-fcb0de71a262" CLIENT-IP="102.66.125.105:52650" X-SITE-DEPLOYMENT-ID="samdashboardapi" WAS-DEFAULT-HOSTNAME="samdashboardapi.scm.azurewebsites.net" X-Forwarded-Proto="https" X-AppService-Proto="https" X-Forwarded-TlsVersion="1.3" X-WAWS-Unencoded-URL="/api/zipdeploy?isAsync=true" X-Client-IP="102.66.125.105" X-Client-Port="52650" >
  <step title="ZipPushDeploy" date="2025-08-28T17:02:21.943" >
    <step title="ZipDeploy. Extract zip." date="2025-08-28T17:02:21.948" /><!-- duration: 1ms -->
    <step title="Starting PushDeployAsync" date="2025-08-28T17:02:21.952" /><!-- duration: 1ms -->
    <step title="Writing artifact to /tmp/zipdeploy/b632b209-9fe1-49d1-829f-8394f8998416.zip" date="2025-08-28T17:02:21.959" >
      <step title="Writing multipart request body to /tmp/zipdeploy/b632b209-9fe1-49d1-829f-8394f8998416.zip" date="2025-08-28T17:02:21.962" /><!-- duration: 2ms -->
    </step><!-- duration: 403ms -->
    <step title="Start deployment in the background" date="2025-08-28T17:02:22.365" >
      <step title="Acquiring Deployment Lock" date="2025-08-28T17:02:22.370" /><!-- duration: 1ms -->
      <step title="Acquired Deployment Lock" date="2025-08-28T17:02:22.404" /><!-- duration: 1ms -->
    </step><!-- duration: 110ms -->
  </step><!-- duration: 533ms -->
  <step title="Outgoing response" date="2025-08-28T17:02:22.478" type="response" statusCode="202" statusText="Accepted" /><!-- duration: 1ms -->
</step><!-- duration: 541ms -->
