<step title="Incoming Request" date="2025-08-28T16:04:39.506" instance="7f1a8d" url="/api/publish?async=true&amp;deployer=GITHUB_ONE_DEPLOY&amp;type=zip&amp;message=%7B%22type%22%3A%22deployment%22%2C%22sha%22%3A%22a76104e1c3c4da10b4729b1fe3b42cf61871af6c%22%2C%22repoName%22%3A%22JPRoelofseDevforge%2Fsam2%22%2C%22actor%22%3A%22RustedFrost%22%2C%22slotName%22%3A%22Production%22%2C%22commitMessage%22%3A%22desperation%22%7D" method="POST" type="request" pid="820,1,22" Host="samdashboardapi.scm.azurewebsites.net" User-Agent="GITHUBACTIONS_DeployWebAppToAzure_19c9d7508924a527ab10b75d8dbb4827cb35707276962fd3a666e3ae3b53fd43" Authorization="Bea..." Content-Type="application/octet-stream" Cookie="ARRAffinity=7f1a8d376a83fdb83d78d08c3afa570b9eb71dbd4ed444b8e2a36ca0d9c4345c;Path=/;HttpOnly;Secure;Domain=samdashboardapi.scm.azurewebsites.net; ARRAffinitySameSite=7f1a8d376a83fdb83d78d08c3afa570b9eb71dbd4ed444b8e2a36ca0d9c4345c;Path=/;HttpOnly;SameSite=None;Secure;Domain=samdashboardapi.scm.azurewebsites.net" Transfer-Encoding="chunked" X-ARR-LOG-ID="75b9afdd-713e-46f3-b4a0-b5fcb99df2e5" CLIENT-IP="48.214.53.182:28672" X-SITE-DEPLOYMENT-ID="samdashboardapi" WAS-DEFAULT-HOSTNAME="samdashboardapi.scm.azurewebsites.net" X-Forwarded-Proto="https" X-AppService-Proto="https" X-Forwarded-TlsVersion="1.3" X-WAWS-Unencoded-URL="/api/publish?async=true&amp;deployer=GITHUB_ONE_DEPLOY&amp;type=zip&amp;message=%7B%22type%22%3A%22deployment%22%2C%22sha%22%3A%22a76104e1c3c4da10b4729b1fe3b42cf61871af6c%22%2C%22repoName%22%3A%22JPRoelofseDevforge%2Fsam2%22%2C%22actor%22%3A%22RustedFrost%22%2C%22slotName%22%3A%22Production%22%2C%22commitMessage%22%3A%22desperation%22%7D" X-Client-IP="48.214.53.182" X-Client-Port="28672" >
  <step title="Cleanup Xml Logs" date="2025-08-28T16:04:39.507" >
    <step title="Cleanup Infos" date="2025-08-28T16:04:39.512" totalFiles="224" totalCleanup="64" /><!-- duration: 4ms -->
  </step><!-- duration: 10ms -->
  <step title="OneDeploy" date="2025-08-28T16:04:39.542" >
    <step title="None repository commit" date="2025-08-28T16:04:39.546" >
      <step title="Commit id: 5c192758-313d-4148-95d3-6f54281bd7b1" date="2025-08-28T16:04:39.547" Message="N/A" AuthorName="N/A" AuthorEmail="N/A" /><!-- duration: 1ms -->
    </step><!-- duration: 3ms -->
    <step title="Starting PushDeployAsync" date="2025-08-28T16:04:39.550" /><!-- duration: 1ms -->
    <step title="Removing node_modules symlink" date="2025-08-28T16:04:39.555" >
      <step title="Removing _del_node_modules symlink" date="2025-08-28T16:04:39.571" >
        <step title="Writing artifact to /tmp/zipdeploy/02e936ca-8e4d-4b70-a4cf-0defad1ee306.zip" date="2025-08-28T16:04:39.582" >
          <step title="Writing multipart request body to /tmp/zipdeploy/02e936ca-8e4d-4b70-a4cf-0defad1ee306.zip" date="2025-08-28T16:04:39.586" /><!-- duration: 1ms -->
        </step><!-- duration: 10618ms -->
        <step title="Start deployment in the background" date="2025-08-28T16:04:50.208" >
          <step title="Acquiring Deployment Lock" date="2025-08-28T16:04:50.247" /><!-- duration: 1ms -->
          <step title="Acquired Deployment Lock" date="2025-08-28T16:04:50.266" /><!-- duration: 1ms -->
        </step><!-- duration: 123ms -->
      </step><!-- duration: 10763ms -->
      <step title="Outgoing response" date="2025-08-28T16:04:50.338" type="response" statusCode="202" statusText="Accepted" /><!-- duration: 1ms -->
    </step><!-- duration: 10792ms -->
