<step title="Incoming Request" date="2025-08-28T12:44:48.949" instance="7f1a8d" url="/api/publish?async=true&amp;deployer=GITHUB_ONE_DEPLOY&amp;type=zip&amp;message=%7B%22type%22%3A%22deployment%22%2C%22sha%22%3A%22a94338d7b41a811c4cb7f666a5591b50686ed9c5%22%2C%22repoName%22%3A%22JPRoelofseDevforge%2Fsam2%22%2C%22actor%22%3A%22RustedFrost%22%2C%22slotName%22%3A%22Production%22%2C%22commitMessage%22%3A%22Merge%20branch%20%27main%27%20of%20https%3A%2F%2Fgithub.com%2FJPRoelofseDevforge%2Fsam2%22%7D" method="POST" type="request" pid="822,1,31" Host="samdashboardapi.scm.azurewebsites.net" User-Agent="GITHUBACTIONS_DeployWebAppToAzure_19c9d7508924a527ab10b75d8dbb4827cb35707276962fd3a666e3ae3b53fd43" Authorization="Bea..." Content-Type="application/octet-stream" Cookie="ARRAffinity=7f1a8d376a83fdb83d78d08c3afa570b9eb71dbd4ed444b8e2a36ca0d9c4345c;Path=/;HttpOnly;Secure;Domain=samdashboardapi.scm.azurewebsites.net; ARRAffinitySameSite=7f1a8d376a83fdb83d78d08c3afa570b9eb71dbd4ed444b8e2a36ca0d9c4345c;Path=/;HttpOnly;SameSite=None;Secure;Domain=samdashboardapi.scm.azurewebsites.net" Transfer-Encoding="chunked" X-ARR-LOG-ID="f4891c8e-2b38-41a7-a8ac-f3681fb5d214" CLIENT-IP="52.225.29.104:25600" X-SITE-DEPLOYMENT-ID="samdashboardapi" WAS-DEFAULT-HOSTNAME="samdashboardapi.scm.azurewebsites.net" X-Forwarded-Proto="https" X-AppService-Proto="https" X-Forwarded-TlsVersion="1.3" X-WAWS-Unencoded-URL="/api/publish?async=true&amp;deployer=GITHUB_ONE_DEPLOY&amp;type=zip&amp;message=%7B%22type%22%3A%22deployment%22%2C%22sha%22%3A%22a94338d7b41a811c4cb7f666a5591b50686ed9c5%22%2C%22repoName%22%3A%22JPRoelofseDevforge%2Fsam2%22%2C%22actor%22%3A%22RustedFrost%22%2C%22slotName%22%3A%22Production%22%2C%22commitMessage%22%3A%22Merge%20branch%20%27main%27%20of%20https%3A%2F%2Fgithub.com%2FJPRoelofseDevforge%2Fsam2%22%7D" X-Client-IP="52.225.29.104" X-Client-Port="25600" >
  <step title="Cleanup Xml Logs" date="2025-08-28T12:44:48.950" /><!-- duration: 4ms -->
  <step title="OneDeploy" date="2025-08-28T12:44:48.958" >
    <step title="Starting PushDeployAsync" date="2025-08-28T12:44:48.962" /><!-- duration: 1ms -->
    <step title="Removing node_modules symlink" date="2025-08-28T12:44:48.966" >
      <step title="Writing artifact to /tmp/zipdeploy/36219bb6-3696-441b-82a4-6112f84db17b.zip" date="2025-08-28T12:44:48.977" >
        <step title="Writing multipart request body to /tmp/zipdeploy/36219bb6-3696-441b-82a4-6112f84db17b.zip" date="2025-08-28T12:44:48.978" /><!-- duration: 1ms -->
      </step><!-- duration: 11861ms -->
      <step title="Start deployment in the background" date="2025-08-28T12:45:00.847" >
        <step title="Acquiring Deployment Lock" date="2025-08-28T12:45:00.862" /><!-- duration: 1ms -->
        <step title="Acquired Deployment Lock" date="2025-08-28T12:45:00.906" /><!-- duration: 1ms -->
      </step><!-- duration: 93ms -->
    </step><!-- duration: 11975ms -->
    <step title="Outgoing response" date="2025-08-28T12:45:00.943" type="response" statusCode="202" statusText="Accepted" /><!-- duration: 1ms -->
  </step><!-- duration: 11987ms -->
