<step title="Incoming Request" date="2025-08-28T13:17:18.938" instance="7f1a8d" url="/api/publish?async=true&amp;deployer=GITHUB_ONE_DEPLOY&amp;type=zip&amp;message=%7B%22type%22%3A%22deployment%22%2C%22sha%22%3A%22e1dc4181374c6e10e600870bcbbe8867139e99af%22%2C%22repoName%22%3A%22JPRoelofseDevforge%2Fsam2%22%2C%22actor%22%3A%22RustedFrost%22%2C%22slotName%22%3A%22Production%22%2C%22commitMessage%22%3A%22new%22%7D" method="POST" type="request" pid="822,1,48" Host="samdashboardapi.scm.azurewebsites.net" User-Agent="GITHUBACTIONS_DeployWebAppToAzure_19c9d7508924a527ab10b75d8dbb4827cb35707276962fd3a666e3ae3b53fd43" Authorization="Bea..." Content-Type="application/octet-stream" Cookie="ARRAffinity=7f1a8d376a83fdb83d78d08c3afa570b9eb71dbd4ed444b8e2a36ca0d9c4345c;Path=/;HttpOnly;Secure;Domain=samdashboardapi.scm.azurewebsites.net; ARRAffinitySameSite=7f1a8d376a83fdb83d78d08c3afa570b9eb71dbd4ed444b8e2a36ca0d9c4345c;Path=/;HttpOnly;SameSite=None;Secure;Domain=samdashboardapi.scm.azurewebsites.net" Transfer-Encoding="chunked" X-ARR-LOG-ID="c7d43e44-a136-4caf-a197-568a885bec3e" CLIENT-IP="172.208.127.198:9248" X-SITE-DEPLOYMENT-ID="samdashboardapi" WAS-DEFAULT-HOSTNAME="samdashboardapi.scm.azurewebsites.net" X-Forwarded-Proto="https" X-AppService-Proto="https" X-Forwarded-TlsVersion="1.3" X-WAWS-Unencoded-URL="/api/publish?async=true&amp;deployer=GITHUB_ONE_DEPLOY&amp;type=zip&amp;message=%7B%22type%22%3A%22deployment%22%2C%22sha%22%3A%22e1dc4181374c6e10e600870bcbbe8867139e99af%22%2C%22repoName%22%3A%22JPRoelofseDevforge%2Fsam2%22%2C%22actor%22%3A%22RustedFrost%22%2C%22slotName%22%3A%22Production%22%2C%22commitMessage%22%3A%22new%22%7D" X-Client-IP="172.208.127.198" X-Client-Port="9248" >
  <step title="Cleanup Xml Logs" date="2025-08-28T13:17:18.940" /><!-- duration: 9ms -->
  <step title="OneDeploy" date="2025-08-28T13:17:18.954" >
    <step title="Starting PushDeployAsync" date="2025-08-28T13:17:18.957" /><!-- duration: 1ms -->
    <step title="Removing node_modules symlink" date="2025-08-28T13:17:18.961" >
      <step title="Writing artifact to /tmp/zipdeploy/ccdfa6b1-9f12-4f66-9b9a-91c2f59003d2.zip" date="2025-08-28T13:17:18.972" >
        <step title="Writing multipart request body to /tmp/zipdeploy/ccdfa6b1-9f12-4f66-9b9a-91c2f59003d2.zip" date="2025-08-28T13:17:18.974" /><!-- duration: 2ms -->
      </step><!-- duration: 9810ms -->
      <step title="Start deployment in the background" date="2025-08-28T13:17:28.789" >
        <step title="Acquiring Deployment Lock" date="2025-08-28T13:17:28.799" /><!-- duration: 1ms -->
        <step title="Acquired Deployment Lock" date="2025-08-28T13:17:28.816" /><!-- duration: 1ms -->
      </step><!-- duration: 98ms -->
    </step><!-- duration: 9927ms -->
    <step title="Outgoing response" date="2025-08-28T13:17:28.890" type="response" statusCode="202" statusText="Accepted" /><!-- duration: 1ms -->
  </step><!-- duration: 9939ms -->
