<step title="Incoming Request" date="2025-08-28T14:45:30.930" instance="7f1a8d" url="/api/deployments/latest?deployer=OneDeploy&amp;time=2025-08-28_14-44-51Z" method="GET" type="request" pid="822,1,26" Host="samdashboardapi.scm.azurewebsites.net" User-Agent="GITHUBACTIONS_DeployWebAppToAzure_19c9d7508924a527ab10b75d8dbb4827cb35707276962fd3a666e3ae3b53fd43" Authorization="Bea..." Content-Type="application/json; charset=utf-8" Cookie="ARRAffinity=7f1a8d376a83fdb83d78d08c3afa570b9eb71dbd4ed444b8e2a36ca0d9c4345c;Path=/;HttpOnly;Secure;Domain=samdashboardapi.scm.azurewebsites.net; ARRAffinitySameSite=7f1a8d376a83fdb83d78d08c3afa570b9eb71dbd4ed444b8e2a36ca0d9c4345c;Path=/;HttpOnly;SameSite=None;Secure;Domain=samdashboardapi.scm.azurewebsites.net" Content-Length="0" X-ARR-LOG-ID="bd8219e2-08d7-42fb-b768-8f845abf5d06" CLIENT-IP="20.109.38.225:28680" X-SITE-DEPLOYMENT-ID="samdashboardapi" WAS-DEFAULT-HOSTNAME="samdashboardapi.scm.azurewebsites.net" X-Forwarded-Proto="https" X-AppService-Proto="https" X-Forwarded-TlsVersion="1.3" X-WAWS-Unencoded-URL="/api/deployments/latest?deployer=OneDeploy&amp;time=2025-08-28_14-44-51Z" X-Client-IP="20.109.38.225" X-Client-Port="28680" >
  <step title="Cleanup Xml Logs" date="2025-08-28T14:45:30.931" >
    <step title="Cleanup Infos" date="2025-08-28T14:45:30.935" totalFiles="201" totalCleanup="41" /><!-- duration: 26ms -->
  </step><!-- duration: 31ms -->
  <step title="DeploymentService.GetResult" date="2025-08-28T14:45:30.965" >
    <step title="DeploymentService.GetLatestDeployment" date="2025-08-28T14:45:30.966" >
      <step title="DeploymentManager.GetResults" date="2025-08-28T14:45:30.968" /><!-- duration: 376ms -->
    </step><!-- duration: 379ms -->
  </step><!-- duration: 382ms -->
  <step title="Outgoing response" date="2025-08-28T14:45:31.349" type="response" statusCode="202" statusText="Accepted" /><!-- duration: 2ms -->
</step><!-- duration: 422ms -->
