<step title="Incoming Request" date="2025-08-28T14:45:24.593" instance="7f1a8d" url="/api/deployments/latest?deployer=OneDeploy&amp;time=2025-08-28_14-44-51Z" method="GET" type="request" pid="822,1,25" Host="samdashboardapi.scm.azurewebsites.net" User-Agent="GITHUBACTIONS_DeployWebAppToAzure_19c9d7508924a527ab10b75d8dbb4827cb35707276962fd3a666e3ae3b53fd43" Authorization="Bea..." Content-Type="application/json; charset=utf-8" Cookie="ARRAffinity=7f1a8d376a83fdb83d78d08c3afa570b9eb71dbd4ed444b8e2a36ca0d9c4345c;Path=/;HttpOnly;Secure;Domain=samdashboardapi.scm.azurewebsites.net; ARRAffinitySameSite=7f1a8d376a83fdb83d78d08c3afa570b9eb71dbd4ed444b8e2a36ca0d9c4345c;Path=/;HttpOnly;SameSite=None;Secure;Domain=samdashboardapi.scm.azurewebsites.net" Content-Length="0" X-ARR-LOG-ID="2d0d2841-6e1d-41fc-b690-846af0658763" CLIENT-IP="20.109.38.225:28681" X-SITE-DEPLOYMENT-ID="samdashboardapi" WAS-DEFAULT-HOSTNAME="samdashboardapi.scm.azurewebsites.net" X-Forwarded-Proto="https" X-AppService-Proto="https" X-Forwarded-TlsVersion="1.3" X-WAWS-Unencoded-URL="/api/deployments/latest?deployer=OneDeploy&amp;time=2025-08-28_14-44-51Z" X-Client-IP="20.109.38.225" X-Client-Port="28681" >
  <step title="Cleanup Xml Logs" date="2025-08-28T14:45:24.594" >
    <step title="Cleanup Infos" date="2025-08-28T14:45:24.598" totalFiles="200" totalCleanup="40" /><!-- duration: 2ms -->
  </step><!-- duration: 7ms -->
  <step title="DeploymentService.GetResult" date="2025-08-28T14:45:24.604" >
    <step title="DeploymentService.GetLatestDeployment" date="2025-08-28T14:45:24.605" >
      <step title="DeploymentManager.GetResults" date="2025-08-28T14:45:24.606" /><!-- duration: 379ms -->
    </step><!-- duration: 382ms -->
  </step><!-- duration: 384ms -->
  <step title="Outgoing response" date="2025-08-28T14:45:24.989" type="response" statusCode="202" statusText="Accepted" /><!-- duration: 1ms -->
</step><!-- duration: 399ms -->
