<step title="Incoming Request" date="2025-08-28T16:23:58.058" instance="7f1a8d" url="/api/zipdeploy?isAsync=true" method="POST" type="request" pid="820,1,26" Accept="*/*" Host="samdashboardapi.scm.azurewebsites.net" User-Agent="AZURECLI/2.76.0 (MSI)" Accept-Encoding="gzip, deflate" Authorization="Bea..." Cache-Control="no-cache" Content-Type="application/octet-stream" Cookie="ARRAffinity=7f1a8d376a83fdb83d78d08c3afa570b9eb71dbd4ed444b8e2a36ca0d9c4345c; ARRAffinitySameSite=7f1a8d376a83fdb83d78d08c3afa570b9eb71dbd4ed444b8e2a36ca0d9c4345c" Content-Length="10261264" x-ms-client-request-id="605df0be-842b-11f0-a077-fcb0de71a262" x-ms-artifact-checksum="8fa10146e7283a9e75cf163303aca7597d4296056173a73167fec1ba4e2b713b" X-ARR-LOG-ID="605df0be-842b-11f0-a077-fcb0de71a262" CLIENT-IP="102.66.125.105:52660" X-SITE-DEPLOYMENT-ID="samdashboardapi" WAS-DEFAULT-HOSTNAME="samdashboardapi.scm.azurewebsites.net" X-Forwarded-Proto="https" X-AppService-Proto="https" X-Forwarded-TlsVersion="1.3" X-WAWS-Unencoded-URL="/api/zipdeploy?isAsync=true" X-Client-IP="102.66.125.105" X-Client-Port="52660" >
  <step title="ZipPushDeploy" date="2025-08-28T16:23:58.071" >
    <step title="ZipDeploy. Extract zip." date="2025-08-28T16:23:58.074" /><!-- duration: 1ms -->
    <step title="Starting PushDeployAsync" date="2025-08-28T16:23:58.077" /><!-- duration: 1ms -->
    <step title="Writing artifact to /tmp/zipdeploy/4c569590-b19a-47ad-a0b2-602e195e5a5a.zip" date="2025-08-28T16:23:58.082" >
      <step title="Writing multipart request body to /tmp/zipdeploy/4c569590-b19a-47ad-a0b2-602e195e5a5a.zip" date="2025-08-28T16:23:58.083" /><!-- duration: 1ms -->
    </step><!-- duration: 397ms -->
    <step title="Start deployment in the background" date="2025-08-28T16:23:58.482" >
      <step title="Acquiring Deployment Lock" date="2025-08-28T16:23:58.487" /><!-- duration: 1ms -->
      <step title="Acquired Deployment Lock" date="2025-08-28T16:23:58.531" /><!-- duration: 1ms -->
    </step><!-- duration: 111ms -->
  </step><!-- duration: 523ms -->
  <step title="Outgoing response" date="2025-08-28T16:23:58.596" type="response" statusCode="202" statusText="Accepted" /><!-- duration: 1ms -->
</step><!-- duration: 540ms -->
