<step title="Incoming Request" date="2025-08-28T16:41:45.322" instance="7f1a8d" url="/api/deployments/latest" method="GET" type="request" pid="820,1,5" Accept="*/*" Host="samdashboardapi.scm.azurewebsites.net" User-Agent="AZURECLI/2.76.0 (MSI)" Accept-Encoding="gzip, deflate" Authorization="Bea..." x-ms-client-request-id="d9f7b5bd-842d-11f0-92a0-fcb0de71a262" X-ARR-LOG-ID="d9f7b5bd-842d-11f0-92a0-fcb0de71a262" CLIENT-IP="102.66.125.105:52034" X-SITE-DEPLOYMENT-ID="samdashboardapi" WAS-DEFAULT-HOSTNAME="samdashboardapi.scm.azurewebsites.net" X-Forwarded-Proto="https" X-AppService-Proto="https" X-Forwarded-TlsVersion="1.3" X-WAWS-Unencoded-URL="/api/deployments/latest" X-Client-IP="102.66.125.105" X-Client-Port="52034" >
  <step title="Cleanup Xml Logs" date="2025-08-28T16:41:45.332" >
    <step title="Cleanup Infos" date="2025-08-28T16:41:45.362" totalFiles="303" totalCleanup="143" /><!-- duration: 4ms -->
  </step><!-- duration: 36ms -->
  <step title="DeploymentService.GetResult" date="2025-08-28T16:41:45.407" >
    <step title="DeploymentService.GetLatestDeployment" date="2025-08-28T16:41:45.408" >
      <step title="DeploymentManager.GetResults" date="2025-08-28T16:41:45.410" /><!-- duration: 374ms -->
    </step><!-- duration: 383ms -->
  </step><!-- duration: 386ms -->
  <step title="Outgoing response" date="2025-08-28T16:41:45.794" type="response" statusCode="202" statusText="Accepted" /><!-- duration: 1ms -->
</step><!-- duration: 475ms -->
