<step title="Incoming Request" date="2025-08-28T14:44:41.673" instance="7f1a8d" url="/api/publish?async=true&amp;deployer=GITHUB_ONE_DEPLOY&amp;type=zip&amp;message=%7B%22type%22%3A%22deployment%22%2C%22sha%22%3A%2241ad94342005f6b370ee5ba40deae4ad7b420a6c%22%2C%22repoName%22%3A%22JPRoelofseDevforge%2Fsam2%22%2C%22actor%22%3A%22RustedFrost%22%2C%22slotName%22%3A%22Production%22%2C%22commitMessage%22%3A%22weather%20api%20moved%20to%20backend%20due%20to%20CCSP%20errors%22%7D" method="POST" type="request" pid="822,1,25" Host="samdashboardapi.scm.azurewebsites.net" User-Agent="GITHUBACTIONS_DeployWebAppToAzure_19c9d7508924a527ab10b75d8dbb4827cb35707276962fd3a666e3ae3b53fd43" Authorization="Bea..." Content-Type="application/octet-stream" Cookie="ARRAffinity=7f1a8d376a83fdb83d78d08c3afa570b9eb71dbd4ed444b8e2a36ca0d9c4345c;Path=/;HttpOnly;Secure;Domain=samdashboardapi.scm.azurewebsites.net; ARRAffinitySameSite=7f1a8d376a83fdb83d78d08c3afa570b9eb71dbd4ed444b8e2a36ca0d9c4345c;Path=/;HttpOnly;SameSite=None;Secure;Domain=samdashboardapi.scm.azurewebsites.net" Transfer-Encoding="chunked" X-ARR-LOG-ID="e4a10106-e628-44b0-9059-6f81db25aed3" CLIENT-IP="20.109.38.225:28680" X-SITE-DEPLOYMENT-ID="samdashboardapi" WAS-DEFAULT-HOSTNAME="samdashboardapi.scm.azurewebsites.net" X-Forwarded-Proto="https" X-AppService-Proto="https" X-Forwarded-TlsVersion="1.3" X-WAWS-Unencoded-URL="/api/publish?async=true&amp;deployer=GITHUB_ONE_DEPLOY&amp;type=zip&amp;message=%7B%22type%22%3A%22deployment%22%2C%22sha%22%3A%2241ad94342005f6b370ee5ba40deae4ad7b420a6c%22%2C%22repoName%22%3A%22JPRoelofseDevforge%2Fsam2%22%2C%22actor%22%3A%22RustedFrost%22%2C%22slotName%22%3A%22Production%22%2C%22commitMessage%22%3A%22weather%20api%20moved%20to%20backend%20due%20to%20CCSP%20errors%22%7D" X-Client-IP="20.109.38.225" X-Client-Port="28680" >
  <step title="Cleanup Xml Logs" date="2025-08-28T14:44:41.675" /><!-- duration: 4ms -->
  <step title="OneDeploy" date="2025-08-28T14:44:41.682" >
    <step title="Starting PushDeployAsync" date="2025-08-28T14:44:41.685" /><!-- duration: 1ms -->
    <step title="Removing node_modules symlink" date="2025-08-28T14:44:41.689" >
      <step title="Removing _del_node_modules symlink" date="2025-08-28T14:44:41.707" >
        <step title="Writing artifact to /tmp/zipdeploy/ef2f36f4-a235-4be4-9a79-0b9a6aa59075.zip" date="2025-08-28T14:44:41.718" >
          <step title="Writing multipart request body to /tmp/zipdeploy/ef2f36f4-a235-4be4-9a79-0b9a6aa59075.zip" date="2025-08-28T14:44:41.720" /><!-- duration: 1ms -->
        </step><!-- duration: 9488ms -->
        <step title="Start deployment in the background" date="2025-08-28T14:44:51.213" >
          <step title="Acquiring Deployment Lock" date="2025-08-28T14:44:51.247" /><!-- duration: 1ms -->
          <step title="Acquired Deployment Lock" date="2025-08-28T14:44:51.262" /><!-- duration: 1ms -->
        </step><!-- duration: 90ms -->
      </step><!-- duration: 9597ms -->
      <step title="Outgoing response" date="2025-08-28T14:44:51.306" type="response" statusCode="202" statusText="Accepted" /><!-- duration: 1ms -->
    </step><!-- duration: 9619ms -->
