<step title="Incoming Request" date="2025-08-28T17:00:09.784" instance="7f1a8d" url="/api/deployments/latest" method="GET" type="request" pid="821,1,7" Accept="*/*" Host="samdashboardapi.scm.azurewebsites.net" User-Agent="AZURECLI/2.76.0 (MSI)" Accept-Encoding="gzip, deflate" Authorization="Bea..." x-ms-client-request-id="6d5f9efe-8430-11f0-a545-fcb0de71a262" X-ARR-LOG-ID="6d5f9efe-8430-11f0-a545-fcb0de71a262" CLIENT-IP="102.66.125.105:64864" X-SITE-DEPLOYMENT-ID="samdashboardapi" WAS-DEFAULT-HOSTNAME="samdashboardapi.scm.azurewebsites.net" X-Forwarded-Proto="https" X-AppService-Proto="https" X-Forwarded-TlsVersion="1.3" X-WAWS-Unencoded-URL="/api/deployments/latest" X-Client-IP="102.66.125.105" X-Client-Port="64864" >
  <step title="Cleanup Xml Logs" date="2025-08-28T17:00:09.804" >
    <step title="Cleanup Infos" date="2025-08-28T17:00:09.810" totalFiles="328" totalCleanup="168" /><!-- duration: 2ms -->
  </step><!-- duration: 10ms -->
  <step title="DeploymentService.GetResult" date="2025-08-28T17:00:09.832" >
    <step title="DeploymentService.GetLatestDeployment" date="2025-08-28T17:00:09.834" >
      <step title="DeploymentManager.GetResults" date="2025-08-28T17:00:09.835" /><!-- duration: 486ms -->
    </step><!-- duration: 492ms -->
  </step><!-- duration: 499ms -->
  <step title="Outgoing response" date="2025-08-28T17:00:10.333" type="response" statusCode="202" statusText="Accepted" /><!-- duration: 9ms -->
</step><!-- duration: 565ms -->
