<step title="Incoming Request" date="2025-08-28T15:12:12.965" instance="7f1a8d" url="/api/deployments/latest?deployer=OneDeploy&amp;time=2025-08-28_15-11-36Z" method="GET" type="request" pid="822,1,31" Host="samdashboardapi.scm.azurewebsites.net" User-Agent="GITHUBACTIONS_DeployWebAppToAzure_19c9d7508924a527ab10b75d8dbb4827cb35707276962fd3a666e3ae3b53fd43" Authorization="Bea..." Content-Type="application/json; charset=utf-8" Cookie="ARRAffinity=7f1a8d376a83fdb83d78d08c3afa570b9eb71dbd4ed444b8e2a36ca0d9c4345c;Path=/;HttpOnly;Secure;Domain=samdashboardapi.scm.azurewebsites.net; ARRAffinitySameSite=7f1a8d376a83fdb83d78d08c3afa570b9eb71dbd4ed444b8e2a36ca0d9c4345c;Path=/;HttpOnly;SameSite=None;Secure;Domain=samdashboardapi.scm.azurewebsites.net" Content-Length="0" X-ARR-LOG-ID="060adbcb-b993-4ff3-9cb9-292388ee7746" CLIENT-IP="52.173.237.211:2074" X-SITE-DEPLOYMENT-ID="samdashboardapi" WAS-DEFAULT-HOSTNAME="samdashboardapi.scm.azurewebsites.net" X-Forwarded-Proto="https" X-AppService-Proto="https" X-Forwarded-TlsVersion="1.3" X-WAWS-Unencoded-URL="/api/deployments/latest?deployer=OneDeploy&amp;time=2025-08-28_15-11-36Z" X-Client-IP="52.173.237.211" X-Client-Port="2074" >
  <step title="Cleanup Xml Logs" date="2025-08-28T15:12:12.967" >
    <step title="Cleanup Infos" date="2025-08-28T15:12:12.973" totalFiles="211" totalCleanup="51" /><!-- duration: 1ms -->
  </step><!-- duration: 8ms -->
  <step title="DeploymentService.GetResult" date="2025-08-28T15:12:12.978" >
    <step title="DeploymentService.GetLatestDeployment" date="2025-08-28T15:12:12.979" >
      <step title="DeploymentManager.GetResults" date="2025-08-28T15:12:12.980" /><!-- duration: 314ms -->
    </step><!-- duration: 316ms -->
  </step><!-- duration: 318ms -->
  <step title="Outgoing response" date="2025-08-28T15:12:13.298" type="response" statusCode="202" statusText="Accepted" /><!-- duration: 1ms -->
</step><!-- duration: 336ms -->
