<step title="Incoming Request" date="2025-08-28T16:44:09.726" instance="7f1a8d" url="/api/deployments/latest" method="GET" type="request" pid="820,1,30" Accept="*/*" Host="samdashboardapi.scm.azurewebsites.net" User-Agent="AZURECLI/2.76.0 (MSI)" Accept-Encoding="gzip, deflate" Authorization="Bea..." x-ms-client-request-id="327c451f-842e-11f0-973f-fcb0de71a262" X-ARR-LOG-ID="327c451f-842e-11f0-973f-fcb0de71a262" CLIENT-IP="102.66.125.105:52638" X-SITE-DEPLOYMENT-ID="samdashboardapi" WAS-DEFAULT-HOSTNAME="samdashboardapi.scm.azurewebsites.net" X-Forwarded-Proto="https" X-AppService-Proto="https" X-Forwarded-TlsVersion="1.3" X-WAWS-Unencoded-URL="/api/deployments/latest" X-Client-IP="102.66.125.105" X-Client-Port="52638" >
  <step title="Cleanup Xml Logs" date="2025-08-28T16:44:09.736" >
    <step title="Cleanup Infos" date="2025-08-28T16:44:09.741" totalFiles="309" totalCleanup="149" /><!-- duration: 1ms -->
  </step><!-- duration: 7ms -->
  <step title="DeploymentService.GetResult" date="2025-08-28T16:44:09.745" >
    <step title="DeploymentService.GetLatestDeployment" date="2025-08-28T16:44:09.746" >
      <step title="DeploymentManager.GetResults" date="2025-08-28T16:44:09.748" /><!-- duration: 334ms -->
    </step><!-- duration: 337ms -->
  </step><!-- duration: 339ms -->
  <step title="Outgoing response" date="2025-08-28T16:44:10.086" type="response" statusCode="202" statusText="Accepted" /><!-- duration: 2ms -->
</step><!-- duration: 363ms -->
