<step title="Incoming Request" date="2025-08-28T12:32:38.794" instance="7f1a8d" url="/api/publish?async=true&amp;deployer=GITHUB_ONE_DEPLOY&amp;type=zip&amp;message=%7B%22type%22%3A%22deployment%22%2C%22sha%22%3A%229b6f2d52b46196fdd0313fd26a2c1ad6c9ecf743%22%2C%22repoName%22%3A%22JPRoelofseDevforge%2Fsam2%22%2C%22actor%22%3A%22JPRoelofseDevforge%22%2C%22slotName%22%3A%22Production%22%2C%22commitMessage%22%3A%22Add%20or%20update%20the%20Azure%20App%20Service%20build%20and%20deployment%20workflow%20config%22%7D" method="POST" type="request" pid="822,1,7" Host="samdashboardapi.scm.azurewebsites.net" User-Agent="GITHUBACTIONS_DeployWebAppToAzure_19c9d7508924a527ab10b75d8dbb4827cb35707276962fd3a666e3ae3b53fd43" Authorization="Bea..." Content-Type="application/octet-stream" Cookie="ARRAffinity=7f1a8d376a83fdb83d78d08c3afa570b9eb71dbd4ed444b8e2a36ca0d9c4345c;Path=/;HttpOnly;Secure;Domain=samdashboardapi.scm.azurewebsites.net; ARRAffinitySameSite=7f1a8d376a83fdb83d78d08c3afa570b9eb71dbd4ed444b8e2a36ca0d9c4345c;Path=/;HttpOnly;SameSite=None;Secure;Domain=samdashboardapi.scm.azurewebsites.net" Transfer-Encoding="chunked" X-ARR-LOG-ID="903d919f-cd75-4aa4-a584-919f9390865f" CLIENT-IP="68.154.119.215:51200" X-SITE-DEPLOYMENT-ID="samdashboardapi" WAS-DEFAULT-HOSTNAME="samdashboardapi.scm.azurewebsites.net" X-Forwarded-Proto="https" X-AppService-Proto="https" X-Forwarded-TlsVersion="1.3" X-WAWS-Unencoded-URL="/api/publish?async=true&amp;deployer=GITHUB_ONE_DEPLOY&amp;type=zip&amp;message=%7B%22type%22%3A%22deployment%22%2C%22sha%22%3A%229b6f2d52b46196fdd0313fd26a2c1ad6c9ecf743%22%2C%22repoName%22%3A%22JPRoelofseDevforge%2Fsam2%22%2C%22actor%22%3A%22JPRoelofseDevforge%22%2C%22slotName%22%3A%22Production%22%2C%22commitMessage%22%3A%22Add%20or%20update%20the%20Azure%20App%20Service%20build%20and%20deployment%20workflow%20config%22%7D" X-Client-IP="68.154.119.215" X-Client-Port="51200" >
  <step title="Cleanup Xml Logs" date="2025-08-28T12:32:38.805" /><!-- duration: 33ms -->
  <step title="OneDeploy" date="2025-08-28T12:32:38.870" >
    <step title="None repository commit" date="2025-08-28T12:32:38.875" >
      <step title="Commit id: b9c38b2b-7e6b-42e1-b67a-888f71718932" date="2025-08-28T12:32:38.877" Message="N/A" AuthorName="N/A" AuthorEmail="N/A" /><!-- duration: 1ms -->
    </step><!-- duration: 4ms -->
    <step title="Starting PushDeployAsync" date="2025-08-28T12:32:38.881" /><!-- duration: 1ms -->
    <step title="Removing node_modules symlink" date="2025-08-28T12:32:38.891" >
      <step title="Removing _del_node_modules symlink" date="2025-08-28T12:32:38.908" >
        <step title="Writing artifact to /tmp/zipdeploy/e33a5a96-a65a-4198-b05f-bb32aeb81399.zip" date="2025-08-28T12:32:38.918" >
          <step title="Writing multipart request body to /tmp/zipdeploy/e33a5a96-a65a-4198-b05f-bb32aeb81399.zip" date="2025-08-28T12:32:38.920" /><!-- duration: 1ms -->
        </step><!-- duration: 9596ms -->
        <step title="Start deployment in the background" date="2025-08-28T12:32:48.522" >
          <step title="Acquiring Deployment Lock" date="2025-08-28T12:32:48.535" /><!-- duration: 1ms -->
          <step title="Acquired Deployment Lock" date="2025-08-28T12:32:48.562" /><!-- duration: 1ms -->
        </step><!-- duration: 77ms -->
      </step><!-- duration: 9694ms -->
      <step title="Outgoing response" date="2025-08-28T12:32:48.606" type="response" statusCode="202" statusText="Accepted" /><!-- duration: 1ms -->
    </step><!-- duration: 9717ms -->
