<step title="BackgroundTrace" date="2025-08-28T14:07:22.822" instance="7f1a8d" url="/api/publish" method="POST" >
  <step title="Cleanup Xml Logs" date="2025-08-28T14:07:22.824" /><!-- duration: 5ms -->
  <step title="Creating temporary deployment - FetchDeploymentManager" date="2025-08-28T14:07:22.851" /><!-- duration: 1ms -->
  <step title="Creating temporary deployment" date="2025-08-28T14:07:22.867" /><!-- duration: 53ms -->
  <step title="Performing fetch based deployment" date="2025-08-28T14:07:22.938" >
    <step title="Cleaning up temp folders from previous zip deployments and extracting pushed zip file /tmp/zipdeploy/4da5217c-8266-43aa-9bf8-660e77c7b085.zip (135.45 MB) to /tmp/zipdeploy/extracted" date="2025-08-28T14:07:24.040" >
      <step title="ChmodRecursive Process exited with total time taken in ms: 289" date="2025-08-28T14:08:10.505" /><!-- duration: 3ms -->
    </step><!-- duration: 46469ms -->
    <step title="Deployment timer started" date="2025-08-28T14:08:12.512" >
      <step title="DeploymentManager.Deploy(id:622484c7-7a30-4367-8eee-282e7c684f60)" date="2025-08-28T14:08:12.515" >
        <step title="Collecting changeset information" date="2025-08-28T14:08:12.520" /><!-- duration: 76ms -->
        <step title="Updating submodules" date="2025-08-28T14:08:12.598" /><!-- duration: 1094ms -->
        <step title="Determining deployment builder" date="2025-08-28T14:08:13.818" >
          <step title="Builder is OneDeployBuilder" date="2025-08-28T14:08:13.825" /><!-- duration: 1ms -->
        </step><!-- duration: 10ms -->
        <step title="PreDeployment: context.CleanOutputPath False" date="2025-08-28T14:08:13.869" >
          <step title="PreDeployment: context.OutputPath /home/site/wwwroot" date="2025-08-28T14:08:13.951" >
            <step title="Building" date="2025-08-28T14:08:14.072" >
              <step title="Executing external process" date="2025-08-28T14:08:14.573" type="process" path="starter.sh" arguments="/opt/Kudu/Scripts/absoluteTar.sh /tmp/zipdeploy/extracted/node_modules /tmp/zipdeploy/extracted/node_modules.tar.gz" /><!-- duration: 12548ms -->
              <step title="Executing external process" date="2025-08-28T14:08:27.324" type="process" path="starter.sh" arguments="/opt/Kudu/Scripts/parallel_rsync.sh /tmp/zipdeploy/extracted /home/site/wwwroot 8 /tmp/ False False node_modules " /><!-- duration: 3635ms -->
              <step title="Modified file to trigger a restart of the app container." date="2025-08-28T14:08:31.528" /><!-- duration: 1ms -->
              <step title="Skip function trigger and logicapp sync because function is not enabled." date="2025-08-28T14:08:31.530" /><!-- duration: 1ms -->
              <step title="Purge deployment items" date="2025-08-28T14:08:32.229" >
                <step title="Remove 4146758b-, Success, received at 08/28/2025 08:59:28" date="2025-08-28T14:08:32.364" /><!-- duration: 1ms -->
              </step><!-- duration: 137ms -->
            </step><!-- duration: 18348ms -->
          </step><!-- duration: 18472ms -->
          <step title="Cleaning up temp files" date="2025-08-28T14:08:32.424" /><!-- duration: 1ms -->
          <step title="Cleaning up temp files" date="2025-08-28T14:08:32.427" /><!-- duration: 502ms -->
          <step title="Reloading status file with latest updates" date="2025-08-28T14:08:32.952" >
            <step title="WebHooksManager.PublishEventAsync: PostDeployment" date="2025-08-28T14:08:32.954" /><!-- duration: 13ms -->
          </step><!-- duration: 17ms -->
          <step title="Cleaning up temporary deployment - fetch deployment was successful" date="2025-08-28T14:08:32.971" /><!-- duration: 1ms -->
        </step><!-- duration: 19159ms -->
      </step><!-- duration: 20526ms -->
