<step title="Incoming Request" date="2025-08-28T16:55:05.050" instance="7f1a8d" url="/api/zipdeploy?isAsync=true" method="POST" type="request" pid="820,1,32" Accept="*/*" Host="samdashboardapi.scm.azurewebsites.net" User-Agent="AZURECLI/2.76.0 (MSI)" Accept-Encoding="gzip, deflate" Authorization="Bea..." Cache-Control="no-cache" Content-Type="application/octet-stream" Cookie="ARRAffinity=7f1a8d376a83fdb83d78d08c3afa570b9eb71dbd4ed444b8e2a36ca0d9c4345c; ARRAffinitySameSite=7f1a8d376a83fdb83d78d08c3afa570b9eb71dbd4ed444b8e2a36ca0d9c4345c" Content-Length="10267719" x-ms-client-request-id="b768161e-842f-11f0-8e63-fcb0de71a262" x-ms-artifact-checksum="aedb78a7a1dbfc84dec24c9e452bad756d4e937efa66f2de6c08487b5f0c6530" X-ARR-LOG-ID="b768161e-842f-11f0-8e63-fcb0de71a262" CLIENT-IP="102.66.125.105:52043" X-SITE-DEPLOYMENT-ID="samdashboardapi" WAS-DEFAULT-HOSTNAME="samdashboardapi.scm.azurewebsites.net" X-Forwarded-Proto="https" X-AppService-Proto="https" X-Forwarded-TlsVersion="1.3" X-WAWS-Unencoded-URL="/api/zipdeploy?isAsync=true" X-Client-IP="102.66.125.105" X-Client-Port="52043" >
  <step title="ZipPushDeploy" date="2025-08-28T16:55:05.073" >
    <step title="ZipDeploy. Extract zip." date="2025-08-28T16:55:05.076" /><!-- duration: 1ms -->
    <step title="Starting PushDeployAsync" date="2025-08-28T16:55:05.081" /><!-- duration: 1ms -->
    <step title="Writing artifact to /tmp/zipdeploy/4b138a4b-97c8-4bd6-a2f2-c54bd94b32c4.zip" date="2025-08-28T16:55:05.086" >
      <step title="Writing multipart request body to /tmp/zipdeploy/4b138a4b-97c8-4bd6-a2f2-c54bd94b32c4.zip" date="2025-08-28T16:55:05.087" /><!-- duration: 1ms -->
    </step><!-- duration: 170ms -->
    <step title="Start deployment in the background" date="2025-08-28T16:55:05.260" >
      <step title="Acquiring Deployment Lock" date="2025-08-28T16:55:05.274" /><!-- duration: 1ms -->
      <step title="Acquired Deployment Lock" date="2025-08-28T16:55:05.309" /><!-- duration: 1ms -->
    </step><!-- duration: 86ms -->
  </step><!-- duration: 274ms -->
  <step title="Outgoing response" date="2025-08-28T16:55:05.348" type="response" statusCode="202" statusText="Accepted" /><!-- duration: 1ms -->
</step><!-- duration: 300ms -->
