<step title="Incoming Request" date="2025-08-28T17:02:26.116" instance="7f1a8d" url="/api/deployments/latest" method="GET" type="request" pid="821,1,5" Accept="*/*" Host="samdashboardapi.scm.azurewebsites.net" User-Agent="AZURECLI/2.76.0 (MSI)" Accept-Encoding="gzip, deflate" Authorization="Bea..." x-ms-client-request-id="c1599797-8430-11f0-bbb6-fcb0de71a262" X-ARR-LOG-ID="c1599797-8430-11f0-bbb6-fcb0de71a262" CLIENT-IP="102.66.125.105:52642" X-SITE-DEPLOYMENT-ID="samdashboardapi" WAS-DEFAULT-HOSTNAME="samdashboardapi.scm.azurewebsites.net" X-Forwarded-Proto="https" X-AppService-Proto="https" X-Forwarded-TlsVersion="1.3" X-WAWS-Unencoded-URL="/api/deployments/latest" X-Client-IP="102.66.125.105" X-Client-Port="52642" >
  <step title="Cleanup Xml Logs" date="2025-08-28T17:02:26.117" >
    <step title="Cleanup Infos" date="2025-08-28T17:02:26.123" totalFiles="343" totalCleanup="183" /><!-- duration: 2ms -->
  </step><!-- duration: 8ms -->
  <step title="DeploymentService.GetResult" date="2025-08-28T17:02:26.129" >
    <step title="DeploymentService.GetLatestDeployment" date="2025-08-28T17:02:26.130" >
      <step title="DeploymentManager.GetResults" date="2025-08-28T17:02:26.131" /><!-- duration: 426ms -->
    </step><!-- duration: 428ms -->
  </step><!-- duration: 430ms -->
  <step title="Outgoing response" date="2025-08-28T17:02:26.561" type="response" statusCode="202" statusText="Accepted" /><!-- duration: 1ms -->
</step><!-- duration: 448ms -->
