<step title="BackgroundTrace" date="2025-08-28T16:25:20.362" instance="7f1a8d" url="/api/zipdeploy" method="POST" >
  <step title="Creating temporary deployment - FetchDeploymentManager" date="2025-08-28T16:25:20.424" /><!-- duration: 1ms -->
  <step title="Creating temporary deployment" date="2025-08-28T16:25:20.426" /><!-- duration: 53ms -->
  <step title="Performing fetch based deployment" date="2025-08-28T16:25:20.494" >
    <step title="Cleaning up temp folders from previous zip deployments and extracting pushed zip file /tmp/zipdeploy/fa591e62-1cc5-4f5e-89e7-766b0f946af4.zip (9.78 MB) to /tmp/zipdeploy/extracted" date="2025-08-28T16:25:21.614" >
      <step title="ChmodRecursive Process exited with total time taken in ms: 10" date="2025-08-28T16:25:21.931" /><!-- duration: 1ms -->
    </step><!-- duration: 320ms -->
    <step title="Deployment timer started" date="2025-08-28T16:25:23.937" >
      <step title="DeploymentManager.Deploy(id:6d301477-cb93-4796-a882-1c530fa826c8)" date="2025-08-28T16:25:23.939" >
        <step title="Collecting changeset information" date="2025-08-28T16:25:23.944" /><!-- duration: 95ms -->
        <step title="Updating submodules" date="2025-08-28T16:25:24.043" /><!-- duration: 1093ms -->
        <step title="Determining deployment builder" date="2025-08-28T16:25:25.301" >
          <step title="Builder is CustomBuilder" date="2025-08-28T16:25:25.306" /><!-- duration: 2ms -->
        </step><!-- duration: 21ms -->
        <step title="PreDeployment: context.CleanOutputPath False" date="2025-08-28T16:25:25.618" >
          <step title="PreDeployment: context.OutputPath /home/site/wwwroot" date="2025-08-28T16:25:25.689" >
            <step title="Building" date="2025-08-28T16:25:25.793" >
              <step title="Executing external process" date="2025-08-28T16:25:26.108" type="process" path="starter.sh" arguments="bash startup.sh" >
                <step title="Cpu: npm ci(1376,9.990s)+bash(1374,0.000s)=total(9.990s)" date="2025-08-28T16:26:28.133" /><!-- duration: 10ms -->
                <step title="starter.sh: no io activity for 60s, prev-cpu=-1.000s, current-cpu=9.990s" date="2025-08-28T16:26:28.151" /><!-- duration: 2ms -->
                <step title="Cpu: npm ci(1376,14.910s)+bash(1374,0.000s)=total(14.910s)" date="2025-08-28T16:27:28.169" /><!-- duration: 3ms -->
                <step title="starter.sh: no io activity for 120s, prev-cpu=9.990s, current-cpu=14.910s" date="2025-08-28T16:27:28.179" /><!-- duration: 11ms -->
                <step title="Process dump" date="2025-08-28T16:27:53.338" exitCode="1" type="processOutput" /><!-- duration: 1ms -->
              </step><!-- duration: 147233ms -->
              <step title="Error occurred" date="2025-08-28T16:27:53.346" type="error" text="npm WARN config production Use `--omit=dev` instead.
npm WARN EBADENGINE Unsupported engine {
npm WARN EBADENGINE   package: &apos;vite-react-typescript-starter@0.0.0&apos;,
npm WARN EBADENGINE   required: { node: &apos;&gt;=22.0.0&apos; },
npm WARN EBADENGINE   current: { node: &apos;v18.17.1&apos;, npm: &apos;9.6.7&apos; }
npm WARN EBADENGINE }
npm WARN EBADENGINE Unsupported engine {
npm WARN EBADENGINE   package: &apos;@eslint/config-array@0.18.0&apos;,
npm WARN EBADENGINE   required: { node: &apos;^18.18.0 || ^20.9.0 || &gt;=21.1.0&apos; },
npm WARN EBADENGINE   current: { node: &apos;v18.17.1&apos;, npm: &apos;9.6.7&apos; }
npm WARN EBADENGINE }
npm WARN EBADENGINE Unsupported engine {
npm WARN EBADENGINE   package: &apos;@eslint/core@0.6.0&apos;,
npm WARN EBADENGINE   required: { node: &apos;^18.18.0 || ^20.9.0 || &gt;=21.1.0&apos; },
npm WARN EBADENGINE   current: { node: &apos;v18.17.1&apos;, npm: &apos;9.6.7&apos; }
npm WARN EBADENGINE }
npm WARN EBADENGINE Unsupported engine {
npm WARN EBADENGINE   package: &apos;@eslint/eslintrc@3.1.0&apos;,
npm WARN EBADENGINE   required: { node: &apos;^18.18.0 || ^20.9.0 || &gt;=21.1.0&apos; },
npm WARN EBADENGINE   current: { node: &apos;v18.17.1&apos;, npm: &apos;9.6.7&apos; }
npm WARN EBADENGINE }
npm WARN EBADENGINE Unsupported engine {
npm WARN EBADENGINE   package: &apos;@eslint/js@9.12.0&apos;,
npm WARN EBADENGINE   required: { node: &apos;^18.18.0 || ^20.9.0 || &gt;=21.1.0&apos; },
npm WARN EBADENGINE   current: { node: &apos;v18.17.1&apos;, npm: &apos;9.6.7&apos; }
npm WARN EBADENGINE }
npm WARN EBADENGINE Unsupported engine {
npm WARN EBADENGINE   package: &apos;@eslint/object-schema@2.1.4&apos;,
npm WARN EBADENGINE   required: { node: &apos;^18.18.0 || ^20.9.0 || &gt;=21.1.0&apos; },
npm WARN EBADENGINE   current: { node: &apos;v18.17.1&apos;, npm: &apos;9.6.7&apos; }
npm WARN EBADENGINE }
npm WARN EBADENGINE Unsupported engine {
npm WARN EBADENGINE   package: &apos;@eslint/plugin-kit@0.2.0&apos;,
npm WARN EBADENGINE   required: { node: &apos;^18.18.0 || ^20.9.0 || &gt;=21.1.0&apos; },
npm WARN EBADENGINE   current: { node: &apos;v18.17.1&apos;, npm: &apos;9.6.7&apos; }
npm WARN EBADENGINE }
npm WARN EBADENGINE Unsupported engine {
npm WARN EBADENGINE   package: &apos;@humanfs/core@0.19.0&apos;,
npm WARN EBADENGINE   required: { node: &apos;&gt;=18.18.0&apos; },
npm WARN EBADENGINE   current: { node: &apos;v18.17.1&apos;, npm: &apos;9.6.7&apos; }
npm WARN EBADENGINE }
npm WARN EBADENGINE Unsupported engine {
npm WARN EBADENGINE   package: &apos;@humanfs/node@0.16.5&apos;,
npm WARN EBADENGINE   required: { node: &apos;&gt;=18.18.0&apos; },
npm WARN EBADENGINE   current: { node: &apos;v18.17.1&apos;, npm: &apos;9.6.7&apos; }
npm WARN EBADENGINE }
npm WARN EBADENGINE Unsupported engine {
npm WARN EBADENGINE   package: &apos;@humanwhocodes/retry@0.3.1&apos;,
npm WARN EBADENGINE   required: { node: &apos;&gt;=18.18&apos; },
npm WARN EBADENGINE   current: { node: &apos;v18.17.1&apos;, npm: &apos;9.6.7&apos; }
npm WARN EBADENGINE }
npm WARN EBADENGINE Unsupported engine {
npm WARN EBADENGINE   package: &apos;@typescript-eslint/eslint-plugin@8.8.1&apos;,
npm WARN EBADENGINE   required: { node: &apos;^18.18.0 || ^20.9.0 || &gt;=21.1.0&apos; },
npm WARN EBADENGINE   current: { node: &apos;v18.17.1&apos;, npm: &apos;9.6.7&apos; }
npm WARN EBADENGINE }
npm WARN EBADENGINE Unsupported engine {
npm WARN EBADENGINE   package: &apos;@typescript-eslint/parser@8.8.1&apos;,
npm WARN EBADENGINE   required: { node: &apos;^18.18.0 || ^20.9.0 || &gt;=21.1.0&apos; },
npm WARN EBADENGINE   current: { node: &apos;v18.17.1&apos;, npm: &apos;9.6.7&apos; }
npm WARN EBADENGINE }
npm WARN EBADENGINE Unsupported engine {
npm WARN EBADENGINE   package: &apos;@typescript-eslint/scope-manager@8.8.1&apos;,
npm WARN EBADENGINE   required: { node: &apos;^18.18.0 || ^20.9.0 || &gt;=21.1.0&apos; },
npm WARN EBADENGINE   current: { node: &apos;v18.17.1&apos;, npm: &apos;9.6.7&apos; }
npm WARN EBADENGINE }
npm WARN EBADENGINE Unsupported engine {
npm WARN EBADENGINE   package: &apos;@typescript-eslint/type-utils@8.8.1&apos;,
npm WARN EBADENGINE   required: { node: &apos;^18.18.0 || ^20.9.0 || &gt;=21.1.0&apos; },
npm WARN EBADENGINE   current: { node: &apos;v18.17.1&apos;, npm: &apos;9.6.7&apos; }
npm WARN EBADENGINE }
npm WARN EBADENGINE Unsupported engine {
npm WARN EBADENGINE   package: &apos;@typescript-eslint/types@8.8.1&apos;,
npm WARN EBADENGINE   required: { node: &apos;^18.18.0 || ^20.9.0 || &gt;=21.1.0&apos; },
npm WARN EBADENGINE   current: { node: &apos;v18.17.1&apos;, npm: &apos;9.6.7&apos; }
npm WARN EBADENGINE }
npm WARN EBADENGINE Unsupported engine {
npm WARN EBADENGINE   package: &apos;@typescript-eslint/typescript-estree@8.8.1&apos;,
npm WARN EBADENGINE   required: { node: &apos;^18.18.0 || ^20.9.0 || &gt;=21.1.0&apos; },
npm WARN EBADENGINE   current: { node: &apos;v18.17.1&apos;, npm: &apos;9.6.7&apos; }
npm WARN EBADENGINE }
npm WARN EBADENGINE Unsupported engine {
npm WARN EBADENGINE   package: &apos;@typescript-eslint/utils@8.8.1&apos;,
npm WARN EBADENGINE   required: { node: &apos;^18.18.0 || ^20.9.0 || &gt;=21.1.0&apos; },
npm WARN EBADENGINE   current: { node: &apos;v18.17.1&apos;, npm: &apos;9.6.7&apos; }
npm WARN EBADENGINE }
npm WARN EBADENGINE Unsupported engine {
npm WARN EBADENGINE   package: &apos;@typescript-eslint/visitor-keys@8.8.1&apos;,
npm WARN EBADENGINE   required: { node: &apos;^18.18.0 || ^20.9.0 || &gt;=21.1.0&apos; },
npm WARN EBADENGINE   current: { node: &apos;v18.17.1&apos;, npm: &apos;9.6.7&apos; }
npm WARN EBADENGINE }
npm WARN EBADENGINE Unsupported engine {
npm WARN EBADENGINE   package: &apos;eslint@9.12.0&apos;,
npm WARN EBADENGINE   required: { node: &apos;^18.18.0 || ^20.9.0 || &gt;=21.1.0&apos; },
npm WARN EBADENGINE   current: { node: &apos;v18.17.1&apos;, npm: &apos;9.6.7&apos; }
npm WARN EBADENGINE }
npm WARN EBADENGINE Unsupported engine {
npm WARN EBADENGINE   package: &apos;eslint-scope@8.1.0&apos;,
npm WARN EBADENGINE   required: { node: &apos;^18.18.0 || ^20.9.0 || &gt;=21.1.0&apos; },
npm WARN EBADENGINE   current: { node: &apos;v18.17.1&apos;, npm: &apos;9.6.7&apos; }
npm WARN EBADENGINE }
npm WARN EBADENGINE Unsupported engine {
npm WARN EBADENGINE   package: &apos;eslint-visitor-keys@4.1.0&apos;,
npm WARN EBADENGINE   required: { node: &apos;^18.18.0 || ^20.9.0 || &gt;=21.1.0&apos; },
npm WARN EBADENGINE   current: { node: &apos;v18.17.1&apos;, npm: &apos;9.6.7&apos; }
npm WARN EBADENGINE }
npm WARN EBADENGINE Unsupported engine {
npm WARN EBADENGINE   package: &apos;espree@10.2.0&apos;,
npm WARN EBADENGINE   required: { node: &apos;^18.18.0 || ^20.9.0 || &gt;=21.1.0&apos; },
npm WARN EBADENGINE   current: { node: &apos;v18.17.1&apos;, npm: &apos;9.6.7&apos; }
npm WARN EBADENGINE }
npm WARN EBADENGINE Unsupported engine {
npm WARN EBADENGINE   package: &apos;typescript-eslint@8.8.1&apos;,
npm WARN EBADENGINE   required: { node: &apos;^18.18.0 || ^20.9.0 || &gt;=21.1.0&apos; },
npm WARN EBADENGINE   current: { node: &apos;v18.17.1&apos;, npm: &apos;9.6.7&apos; }
npm WARN EBADENGINE }
npm notice 
npm notice New major version of npm available! 9.6.7 -&gt; 11.5.2
npm notice Changelog: &lt;https://github.com/npm/cli/releases/tag/v11.5.2&gt;
npm notice Run `npm install -g npm@11.5.2` to update!
npm notice 
sh: 1: vite: not found
node:internal/errors:496
    ErrorCaptureStackTrace(err);
    ^

Error [ERR_MODULE_NOT_FOUND]: Cannot find module &apos;/home/site/wwwroot/services/weatherCache.js&apos; imported from /home/site/wwwroot/dist/server.js
    at new NodeError (node:internal/errors:405:5)
    at finalizeResolution (node:internal/modules/esm/resolve:324:11)
    at moduleResolve (node:internal/modules/esm/resolve:943:10)
    at defaultResolve (node:internal/modules/esm/resolve:1129:11)
    at nextResolve (node:internal/modules/esm/loader:163:28)
    at ESMLoader.resolve (node:internal/modules/esm/loader:835:30)
    at ESMLoader.getModuleJob (node:internal/modules/esm/loader:424:18)
    at ModuleWrap.&lt;anonymous&gt; (node:internal/modules/esm/module_job:77:40)
    at link (node:internal/modules/esm/module_job:76:36) {
  code: &apos;ERR_MODULE_NOT_FOUND&apos;
}

Node.js v18.17.1
/opt/Kudu/Scripts/starter.sh bash startup.sh" stackTrace="   at Kudu.Core.Infrastructure.Executable.ExecuteInternal(ITracer tracer, Func`2 onWriteOutput, Func`2 onWriteError, CancellationToken token, Encoding encoding, String arguments, Object[] args) in /tmp/KuduLite/Kudu.Core/Infrastructure/Executable.cs:line 239
   at Kudu.Core.Infrastructure.Executable.ExecuteWithProgressWriter(ILogger logger, ITracer tracer, CancellationToken token, String arguments, Object[] args) in /tmp/KuduLite/Kudu.Core/Infrastructure/Executable.cs:line 118
   at Kudu.Core.Deployment.Generator.ExternalCommandBuilder.RunCommand(DeploymentContext context, String command, Boolean ignoreManifest, CancellationToken token, String message) in /tmp/KuduLite/Kudu.Core/Deployment/Generator/ExternalCommandBuilder.cs:line 122" /><!-- duration: 2ms -->
              <step title="Error occurred" date="2025-08-28T16:27:53.350" type="error" text="npm WARN config production Use `--omit=dev` instead.
npm WARN EBADENGINE Unsupported engine {
npm WARN EBADENGINE   package: &apos;vite-react-typescript-starter@0.0.0&apos;,
npm WARN EBADENGINE   required: { node: &apos;&gt;=22.0.0&apos; },
npm WARN EBADENGINE   current: { node: &apos;v18.17.1&apos;, npm: &apos;9.6.7&apos; }
npm WARN EBADENGINE }
npm WARN EBADENGINE Unsupported engine {
npm WARN EBADENGINE   package: &apos;@eslint/config-array@0.18.0&apos;,
npm WARN EBADENGINE   required: { node: &apos;^18.18.0 || ^20.9.0 || &gt;=21.1.0&apos; },
npm WARN EBADENGINE   current: { node: &apos;v18.17.1&apos;, npm: &apos;9.6.7&apos; }
npm WARN EBADENGINE }
npm WARN EBADENGINE Unsupported engine {
npm WARN EBADENGINE   package: &apos;@eslint/core@0.6.0&apos;,
npm WARN EBADENGINE   required: { node: &apos;^18.18.0 || ^20.9.0 || &gt;=21.1.0&apos; },
npm WARN EBADENGINE   current: { node: &apos;v18.17.1&apos;, npm: &apos;9.6.7&apos; }
npm WARN EBADENGINE }
npm WARN EBADENGINE Unsupported engine {
npm WARN EBADENGINE   package: &apos;@eslint/eslintrc@3.1.0&apos;,
npm WARN EBADENGINE   required: { node: &apos;^18.18.0 || ^20.9.0 || &gt;=21.1.0&apos; },
npm WARN EBADENGINE   current: { node: &apos;v18.17.1&apos;, npm: &apos;9.6.7&apos; }
npm WARN EBADENGINE }
npm WARN EBADENGINE Unsupported engine {
npm WARN EBADENGINE   package: &apos;@eslint/js@9.12.0&apos;,
npm WARN EBADENGINE   required: { node: &apos;^18.18.0 || ^20.9.0 || &gt;=21.1.0&apos; },
npm WARN EBADENGINE   current: { node: &apos;v18.17.1&apos;, npm: &apos;9.6.7&apos; }
npm WARN EBADENGINE }
npm WARN EBADENGINE Unsupported engine {
npm WARN EBADENGINE   package: &apos;@eslint/object-schema@2.1.4&apos;,
npm WARN EBADENGINE   required: { node: &apos;^18.18.0 || ^20.9.0 || &gt;=21.1.0&apos; },
npm WARN EBADENGINE   current: { node: &apos;v18.17.1&apos;, npm: &apos;9.6.7&apos; }
npm WARN EBADENGINE }
npm WARN EBADENGINE Unsupported engine {
npm WARN EBADENGINE   package: &apos;@eslint/plugin-kit@0.2.0&apos;,
npm WARN EBADENGINE   required: { node: &apos;^18.18.0 || ^20.9.0 || &gt;=21.1.0&apos; },
npm WARN EBADENGINE   current: { node: &apos;v18.17.1&apos;, npm: &apos;9.6.7&apos; }
npm WARN EBADENGINE }
npm WARN EBADENGINE Unsupported engine {
npm WARN EBADENGINE   package: &apos;@humanfs/core@0.19.0&apos;,
npm WARN EBADENGINE   required: { node: &apos;&gt;=18.18.0&apos; },
npm WARN EBADENGINE   current: { node: &apos;v18.17.1&apos;, npm: &apos;9.6.7&apos; }
npm WARN EBADENGINE }
npm WARN EBADENGINE Unsupported engine {
npm WARN EBADENGINE   package: &apos;@humanfs/node@0.16.5&apos;,
npm WARN EBADENGINE   required: { node: &apos;&gt;=18.18.0&apos; },
npm WARN EBADENGINE   current: { node: &apos;v18.17.1&apos;, npm: &apos;9.6.7&apos; }
npm WARN EBADENGINE }
npm WARN EBADENGINE Unsupported engine {
npm WARN EBADENGINE   package: &apos;@humanwhocodes/retry@0.3.1&apos;,
npm WARN EBADENGINE   required: { node: &apos;&gt;=18.18&apos; },
npm WARN EBADENGINE   current: { node: &apos;v18.17.1&apos;, npm: &apos;9.6.7&apos; }
npm WARN EBADENGINE }
npm WARN EBADENGINE Unsupported engine {
npm WARN EBADENGINE   package: &apos;@typescript-eslint/eslint-plugin@8.8.1&apos;,
npm WARN EBADENGINE   required: { node: &apos;^18.18.0 || ^20.9.0 || &gt;=21.1.0&apos; },
npm WARN EBADENGINE   current: { node: &apos;v18.17.1&apos;, npm: &apos;9.6.7&apos; }
npm WARN EBADENGINE }
npm WARN EBADENGINE Unsupported engine {
npm WARN EBADENGINE   package: &apos;@typescript-eslint/parser@8.8.1&apos;,
npm WARN EBADENGINE   required: { node: &apos;^18.18.0 || ^20.9.0 || &gt;=21.1.0&apos; },
npm WARN EBADENGINE   current: { node: &apos;v18.17.1&apos;, npm: &apos;9.6.7&apos; }
npm WARN EBADENGINE }
npm WARN EBADENGINE Unsupported engine {
npm WARN EBADENGINE   package: &apos;@typescript-eslint/scope-manager@8.8.1&apos;,
npm WARN EBADENGINE   required: { node: &apos;^18.18.0 || ^20.9.0 || &gt;=21.1.0&apos; },
npm WARN EBADENGINE   current: { node: &apos;v18.17.1&apos;, npm: &apos;9.6.7&apos; }
npm WARN EBADENGINE }
npm WARN EBADENGINE Unsupported engine {
npm WARN EBADENGINE   package: &apos;@typescript-eslint/type-utils@8.8.1&apos;,
npm WARN EBADENGINE   required: { node: &apos;^18.18.0 || ^20.9.0 || &gt;=21.1.0&apos; },
npm WARN EBADENGINE   current: { node: &apos;v18.17.1&apos;, npm: &apos;9.6.7&apos; }
npm WARN EBADENGINE }
npm WARN EBADENGINE Unsupported engine {
npm WARN EBADENGINE   package: &apos;@typescript-eslint/types@8.8.1&apos;,
npm WARN EBADENGINE   required: { node: &apos;^18.18.0 || ^20.9.0 || &gt;=21.1.0&apos; },
npm WARN EBADENGINE   current: { node: &apos;v18.17.1&apos;, npm: &apos;9.6.7&apos; }
npm WARN EBADENGINE }
npm WARN EBADENGINE Unsupported engine {
npm WARN EBADENGINE   package: &apos;@typescript-eslint/typescript-estree@8.8.1&apos;,
npm WARN EBADENGINE   required: { node: &apos;^18.18.0 || ^20.9.0 || &gt;=21.1.0&apos; },
npm WARN EBADENGINE   current: { node: &apos;v18.17.1&apos;, npm: &apos;9.6.7&apos; }
npm WARN EBADENGINE }
npm WARN EBADENGINE Unsupported engine {
npm WARN EBADENGINE   package: &apos;@typescript-eslint/utils@8.8.1&apos;,
npm WARN EBADENGINE   required: { node: &apos;^18.18.0 || ^20.9.0 || &gt;=21.1.0&apos; },
npm WARN EBADENGINE   current: { node: &apos;v18.17.1&apos;, npm: &apos;9.6.7&apos; }
npm WARN EBADENGINE }
npm WARN EBADENGINE Unsupported engine {
npm WARN EBADENGINE   package: &apos;@typescript-eslint/visitor-keys@8.8.1&apos;,
npm WARN EBADENGINE   required: { node: &apos;^18.18.0 || ^20.9.0 || &gt;=21.1.0&apos; },
npm WARN EBADENGINE   current: { node: &apos;v18.17.1&apos;, npm: &apos;9.6.7&apos; }
npm WARN EBADENGINE }
npm WARN EBADENGINE Unsupported engine {
npm WARN EBADENGINE   package: &apos;eslint@9.12.0&apos;,
npm WARN EBADENGINE   required: { node: &apos;^18.18.0 || ^20.9.0 || &gt;=21.1.0&apos; },
npm WARN EBADENGINE   current: { node: &apos;v18.17.1&apos;, npm: &apos;9.6.7&apos; }
npm WARN EBADENGINE }
npm WARN EBADENGINE Unsupported engine {
npm WARN EBADENGINE   package: &apos;eslint-scope@8.1.0&apos;,
npm WARN EBADENGINE   required: { node: &apos;^18.18.0 || ^20.9.0 || &gt;=21.1.0&apos; },
npm WARN EBADENGINE   current: { node: &apos;v18.17.1&apos;, npm: &apos;9.6.7&apos; }
npm WARN EBADENGINE }
npm WARN EBADENGINE Unsupported engine {
npm WARN EBADENGINE   package: &apos;eslint-visitor-keys@4.1.0&apos;,
npm WARN EBADENGINE   required: { node: &apos;^18.18.0 || ^20.9.0 || &gt;=21.1.0&apos; },
npm WARN EBADENGINE   current: { node: &apos;v18.17.1&apos;, npm: &apos;9.6.7&apos; }
npm WARN EBADENGINE }
npm WARN EBADENGINE Unsupported engine {
npm WARN EBADENGINE   package: &apos;espree@10.2.0&apos;,
npm WARN EBADENGINE   required: { node: &apos;^18.18.0 || ^20.9.0 || &gt;=21.1.0&apos; },
npm WARN EBADENGINE   current: { node: &apos;v18.17.1&apos;, npm: &apos;9.6.7&apos; }
npm WARN EBADENGINE }
npm WARN EBADENGINE Unsupported engine {
npm WARN EBADENGINE   package: &apos;typescript-eslint@8.8.1&apos;,
npm WARN EBADENGINE   required: { node: &apos;^18.18.0 || ^20.9.0 || &gt;=21.1.0&apos; },
npm WARN EBADENGINE   current: { node: &apos;v18.17.1&apos;, npm: &apos;9.6.7&apos; }
npm WARN EBADENGINE }
npm notice 
npm notice New major version of npm available! 9.6.7 -&gt; 11.5.2
npm notice Changelog: &lt;https://github.com/npm/cli/releases/tag/v11.5.2&gt;
npm notice Run `npm install -g npm@11.5.2` to update!
npm notice 
sh: 1: vite: not found
node:internal/errors:496
    ErrorCaptureStackTrace(err);
    ^

Error [ERR_MODULE_NOT_FOUND]: Cannot find module &apos;/home/site/wwwroot/services/weatherCache.js&apos; imported from /home/site/wwwroot/dist/server.js
    at new NodeError (node:internal/errors:405:5)
    at finalizeResolution (node:internal/modules/esm/resolve:324:11)
    at moduleResolve (node:internal/modules/esm/resolve:943:10)
    at defaultResolve (node:internal/modules/esm/resolve:1129:11)
    at nextResolve (node:internal/modules/esm/loader:163:28)
    at ESMLoader.resolve (node:internal/modules/esm/loader:835:30)
    at ESMLoader.getModuleJob (node:internal/modules/esm/loader:424:18)
    at ModuleWrap.&lt;anonymous&gt; (node:internal/modules/esm/module_job:77:40)
    at link (node:internal/modules/esm/module_job:76:36) {
  code: &apos;ERR_MODULE_NOT_FOUND&apos;
}

Node.js v18.17.1
/opt/Kudu/Scripts/starter.sh bash startup.sh" stackTrace="   at Kudu.Core.Infrastructure.Executable.ExecuteInternal(ITracer tracer, Func`2 onWriteOutput, Func`2 onWriteError, CancellationToken token, Encoding encoding, String arguments, Object[] args) in /tmp/KuduLite/Kudu.Core/Infrastructure/Executable.cs:line 239
   at Kudu.Core.Infrastructure.Executable.ExecuteWithProgressWriter(ILogger logger, ITracer tracer, CancellationToken token, String arguments, Object[] args) in /tmp/KuduLite/Kudu.Core/Infrastructure/Executable.cs:line 118
   at Kudu.Core.Deployment.Generator.ExternalCommandBuilder.RunCommand(DeploymentContext context, String command, Boolean ignoreManifest, CancellationToken token, String message) in /tmp/KuduLite/Kudu.Core/Deployment/Generator/ExternalCommandBuilder.cs:line 122
   at Kudu.Core.Deployment.Generator.CustomBuilder.Build(DeploymentContext context, CancellationToken token) in /tmp/KuduLite/Kudu.Core/Deployment/Generator/CustomBuilder.cs:line 53
--- End of stack trace from previous location ---
   at Kudu.Core.Deployment.DeploymentManager.Build(ChangeSet changeSet, ITracer tracer, IDisposable deployStep, IRepository repository, DeploymentInfoBase deploymentInfo, DeploymentAnalytics deploymentAnalytics, Boolean fullBuildByDefault, CancellationToken cancellationToken) in /tmp/KuduLite/Kudu.Core/Deployment/DeploymentManager.cs:line 771" /><!-- duration: 1ms -->
              <step title="Purge deployment items" date="2025-08-28T16:27:53.784" >
                <step title="Remove ee21d4a4-, Failed, received at 08/28/2025 16:24:02" date="2025-08-28T16:27:53.819" /><!-- duration: 1ms -->
              </step><!-- duration: 37ms -->
            </step><!-- duration: 148030ms -->
          </step><!-- duration: 148135ms -->
          <step title="Error occurred" date="2025-08-28T16:27:53.826" type="error" text="npm WARN config production Use `--omit=dev` instead.
npm WARN EBADENGINE Unsupported engine {
npm WARN EBADENGINE   package: &apos;vite-react-typescript-starter@0.0.0&apos;,
npm WARN EBADENGINE   required: { node: &apos;&gt;=22.0.0&apos; },
npm WARN EBADENGINE   current: { node: &apos;v18.17.1&apos;, npm: &apos;9.6.7&apos; }
npm WARN EBADENGINE }
npm WARN EBADENGINE Unsupported engine {
npm WARN EBADENGINE   package: &apos;@eslint/config-array@0.18.0&apos;,
npm WARN EBADENGINE   required: { node: &apos;^18.18.0 || ^20.9.0 || &gt;=21.1.0&apos; },
npm WARN EBADENGINE   current: { node: &apos;v18.17.1&apos;, npm: &apos;9.6.7&apos; }
npm WARN EBADENGINE }
npm WARN EBADENGINE Unsupported engine {
npm WARN EBADENGINE   package: &apos;@eslint/core@0.6.0&apos;,
npm WARN EBADENGINE   required: { node: &apos;^18.18.0 || ^20.9.0 || &gt;=21.1.0&apos; },
npm WARN EBADENGINE   current: { node: &apos;v18.17.1&apos;, npm: &apos;9.6.7&apos; }
npm WARN EBADENGINE }
npm WARN EBADENGINE Unsupported engine {
npm WARN EBADENGINE   package: &apos;@eslint/eslintrc@3.1.0&apos;,
npm WARN EBADENGINE   required: { node: &apos;^18.18.0 || ^20.9.0 || &gt;=21.1.0&apos; },
npm WARN EBADENGINE   current: { node: &apos;v18.17.1&apos;, npm: &apos;9.6.7&apos; }
npm WARN EBADENGINE }
npm WARN EBADENGINE Unsupported engine {
npm WARN EBADENGINE   package: &apos;@eslint/js@9.12.0&apos;,
npm WARN EBADENGINE   required: { node: &apos;^18.18.0 || ^20.9.0 || &gt;=21.1.0&apos; },
npm WARN EBADENGINE   current: { node: &apos;v18.17.1&apos;, npm: &apos;9.6.7&apos; }
npm WARN EBADENGINE }
npm WARN EBADENGINE Unsupported engine {
npm WARN EBADENGINE   package: &apos;@eslint/object-schema@2.1.4&apos;,
npm WARN EBADENGINE   required: { node: &apos;^18.18.0 || ^20.9.0 || &gt;=21.1.0&apos; },
npm WARN EBADENGINE   current: { node: &apos;v18.17.1&apos;, npm: &apos;9.6.7&apos; }
npm WARN EBADENGINE }
npm WARN EBADENGINE Unsupported engine {
npm WARN EBADENGINE   package: &apos;@eslint/plugin-kit@0.2.0&apos;,
npm WARN EBADENGINE   required: { node: &apos;^18.18.0 || ^20.9.0 || &gt;=21.1.0&apos; },
npm WARN EBADENGINE   current: { node: &apos;v18.17.1&apos;, npm: &apos;9.6.7&apos; }
npm WARN EBADENGINE }
npm WARN EBADENGINE Unsupported engine {
npm WARN EBADENGINE   package: &apos;@humanfs/core@0.19.0&apos;,
npm WARN EBADENGINE   required: { node: &apos;&gt;=18.18.0&apos; },
npm WARN EBADENGINE   current: { node: &apos;v18.17.1&apos;, npm: &apos;9.6.7&apos; }
npm WARN EBADENGINE }
npm WARN EBADENGINE Unsupported engine {
npm WARN EBADENGINE   package: &apos;@humanfs/node@0.16.5&apos;,
npm WARN EBADENGINE   required: { node: &apos;&gt;=18.18.0&apos; },
npm WARN EBADENGINE   current: { node: &apos;v18.17.1&apos;, npm: &apos;9.6.7&apos; }
npm WARN EBADENGINE }
npm WARN EBADENGINE Unsupported engine {
npm WARN EBADENGINE   package: &apos;@humanwhocodes/retry@0.3.1&apos;,
npm WARN EBADENGINE   required: { node: &apos;&gt;=18.18&apos; },
npm WARN EBADENGINE   current: { node: &apos;v18.17.1&apos;, npm: &apos;9.6.7&apos; }
npm WARN EBADENGINE }
npm WARN EBADENGINE Unsupported engine {
npm WARN EBADENGINE   package: &apos;@typescript-eslint/eslint-plugin@8.8.1&apos;,
npm WARN EBADENGINE   required: { node: &apos;^18.18.0 || ^20.9.0 || &gt;=21.1.0&apos; },
npm WARN EBADENGINE   current: { node: &apos;v18.17.1&apos;, npm: &apos;9.6.7&apos; }
npm WARN EBADENGINE }
npm WARN EBADENGINE Unsupported engine {
npm WARN EBADENGINE   package: &apos;@typescript-eslint/parser@8.8.1&apos;,
npm WARN EBADENGINE   required: { node: &apos;^18.18.0 || ^20.9.0 || &gt;=21.1.0&apos; },
npm WARN EBADENGINE   current: { node: &apos;v18.17.1&apos;, npm: &apos;9.6.7&apos; }
npm WARN EBADENGINE }
npm WARN EBADENGINE Unsupported engine {
npm WARN EBADENGINE   package: &apos;@typescript-eslint/scope-manager@8.8.1&apos;,
npm WARN EBADENGINE   required: { node: &apos;^18.18.0 || ^20.9.0 || &gt;=21.1.0&apos; },
npm WARN EBADENGINE   current: { node: &apos;v18.17.1&apos;, npm: &apos;9.6.7&apos; }
npm WARN EBADENGINE }
npm WARN EBADENGINE Unsupported engine {
npm WARN EBADENGINE   package: &apos;@typescript-eslint/type-utils@8.8.1&apos;,
npm WARN EBADENGINE   required: { node: &apos;^18.18.0 || ^20.9.0 || &gt;=21.1.0&apos; },
npm WARN EBADENGINE   current: { node: &apos;v18.17.1&apos;, npm: &apos;9.6.7&apos; }
npm WARN EBADENGINE }
npm WARN EBADENGINE Unsupported engine {
npm WARN EBADENGINE   package: &apos;@typescript-eslint/types@8.8.1&apos;,
npm WARN EBADENGINE   required: { node: &apos;^18.18.0 || ^20.9.0 || &gt;=21.1.0&apos; },
npm WARN EBADENGINE   current: { node: &apos;v18.17.1&apos;, npm: &apos;9.6.7&apos; }
npm WARN EBADENGINE }
npm WARN EBADENGINE Unsupported engine {
npm WARN EBADENGINE   package: &apos;@typescript-eslint/typescript-estree@8.8.1&apos;,
npm WARN EBADENGINE   required: { node: &apos;^18.18.0 || ^20.9.0 || &gt;=21.1.0&apos; },
npm WARN EBADENGINE   current: { node: &apos;v18.17.1&apos;, npm: &apos;9.6.7&apos; }
npm WARN EBADENGINE }
npm WARN EBADENGINE Unsupported engine {
npm WARN EBADENGINE   package: &apos;@typescript-eslint/utils@8.8.1&apos;,
npm WARN EBADENGINE   required: { node: &apos;^18.18.0 || ^20.9.0 || &gt;=21.1.0&apos; },
npm WARN EBADENGINE   current: { node: &apos;v18.17.1&apos;, npm: &apos;9.6.7&apos; }
npm WARN EBADENGINE }
npm WARN EBADENGINE Unsupported engine {
npm WARN EBADENGINE   package: &apos;@typescript-eslint/visitor-keys@8.8.1&apos;,
npm WARN EBADENGINE   required: { node: &apos;^18.18.0 || ^20.9.0 || &gt;=21.1.0&apos; },
npm WARN EBADENGINE   current: { node: &apos;v18.17.1&apos;, npm: &apos;9.6.7&apos; }
npm WARN EBADENGINE }
npm WARN EBADENGINE Unsupported engine {
npm WARN EBADENGINE   package: &apos;eslint@9.12.0&apos;,
npm WARN EBADENGINE   required: { node: &apos;^18.18.0 || ^20.9.0 || &gt;=21.1.0&apos; },
npm WARN EBADENGINE   current: { node: &apos;v18.17.1&apos;, npm: &apos;9.6.7&apos; }
npm WARN EBADENGINE }
npm WARN EBADENGINE Unsupported engine {
npm WARN EBADENGINE   package: &apos;eslint-scope@8.1.0&apos;,
npm WARN EBADENGINE   required: { node: &apos;^18.18.0 || ^20.9.0 || &gt;=21.1.0&apos; },
npm WARN EBADENGINE   current: { node: &apos;v18.17.1&apos;, npm: &apos;9.6.7&apos; }
npm WARN EBADENGINE }
npm WARN EBADENGINE Unsupported engine {
npm WARN EBADENGINE   package: &apos;eslint-visitor-keys@4.1.0&apos;,
npm WARN EBADENGINE   required: { node: &apos;^18.18.0 || ^20.9.0 || &gt;=21.1.0&apos; },
npm WARN EBADENGINE   current: { node: &apos;v18.17.1&apos;, npm: &apos;9.6.7&apos; }
npm WARN EBADENGINE }
npm WARN EBADENGINE Unsupported engine {
npm WARN EBADENGINE   package: &apos;espree@10.2.0&apos;,
npm WARN EBADENGINE   required: { node: &apos;^18.18.0 || ^20.9.0 || &gt;=21.1.0&apos; },
npm WARN EBADENGINE   current: { node: &apos;v18.17.1&apos;, npm: &apos;9.6.7&apos; }
npm WARN EBADENGINE }
npm WARN EBADENGINE Unsupported engine {
npm WARN EBADENGINE   package: &apos;typescript-eslint@8.8.1&apos;,
npm WARN EBADENGINE   required: { node: &apos;^18.18.0 || ^20.9.0 || &gt;=21.1.0&apos; },
npm WARN EBADENGINE   current: { node: &apos;v18.17.1&apos;, npm: &apos;9.6.7&apos; }
npm WARN EBADENGINE }
npm notice 
npm notice New major version of npm available! 9.6.7 -&gt; 11.5.2
npm notice Changelog: &lt;https://github.com/npm/cli/releases/tag/v11.5.2&gt;
npm notice Run `npm install -g npm@11.5.2` to update!
npm notice 
sh: 1: vite: not found
node:internal/errors:496
    ErrorCaptureStackTrace(err);
    ^

Error [ERR_MODULE_NOT_FOUND]: Cannot find module &apos;/home/site/wwwroot/services/weatherCache.js&apos; imported from /home/site/wwwroot/dist/server.js
    at new NodeError (node:internal/errors:405:5)
    at finalizeResolution (node:internal/modules/esm/resolve:324:11)
    at moduleResolve (node:internal/modules/esm/resolve:943:10)
    at defaultResolve (node:internal/modules/esm/resolve:1129:11)
    at nextResolve (node:internal/modules/esm/loader:163:28)
    at ESMLoader.resolve (node:internal/modules/esm/loader:835:30)
    at ESMLoader.getModuleJob (node:internal/modules/esm/loader:424:18)
    at ModuleWrap.&lt;anonymous&gt; (node:internal/modules/esm/module_job:77:40)
    at link (node:internal/modules/esm/module_job:76:36) {
  code: &apos;ERR_MODULE_NOT_FOUND&apos;
}

Node.js v18.17.1
/opt/Kudu/Scripts/starter.sh bash startup.sh" stackTrace="   at Kudu.Core.Infrastructure.Executable.ExecuteInternal(ITracer tracer, Func`2 onWriteOutput, Func`2 onWriteError, CancellationToken token, Encoding encoding, String arguments, Object[] args) in /tmp/KuduLite/Kudu.Core/Infrastructure/Executable.cs:line 239
   at Kudu.Core.Infrastructure.Executable.ExecuteWithProgressWriter(ILogger logger, ITracer tracer, CancellationToken token, String arguments, Object[] args) in /tmp/KuduLite/Kudu.Core/Infrastructure/Executable.cs:line 118
   at Kudu.Core.Deployment.Generator.ExternalCommandBuilder.RunCommand(DeploymentContext context, String command, Boolean ignoreManifest, CancellationToken token, String message) in /tmp/KuduLite/Kudu.Core/Deployment/Generator/ExternalCommandBuilder.cs:line 122
   at Kudu.Core.Deployment.Generator.CustomBuilder.Build(DeploymentContext context, CancellationToken token) in /tmp/KuduLite/Kudu.Core/Deployment/Generator/CustomBuilder.cs:line 53
--- End of stack trace from previous location ---
   at Kudu.Core.Deployment.DeploymentManager.Build(ChangeSet changeSet, ITracer tracer, IDisposable deployStep, IRepository repository, DeploymentInfoBase deploymentInfo, DeploymentAnalytics deploymentAnalytics, Boolean fullBuildByDefault, CancellationToken cancellationToken) in /tmp/KuduLite/Kudu.Core/Deployment/DeploymentManager.cs:line 771
   at Kudu.Core.Deployment.DeploymentManager.Build(ChangeSet changeSet, ITracer tracer, IDisposable deployStep, IRepository repository, DeploymentInfoBase deploymentInfo, DeploymentAnalytics deploymentAnalytics, Boolean fullBuildByDefault, CancellationToken cancellationToken) in /tmp/KuduLite/Kudu.Core/Deployment/DeploymentManager.cs:line 840" /><!-- duration: 1ms -->
          <step title="Cleaning up temp files" date="2025-08-28T16:27:53.852" /><!-- duration: 2ms -->
          <step title="Cleaning up temp files" date="2025-08-28T16:27:53.859" /><!-- duration: 502ms -->
          <step title="Error occurred" date="2025-08-28T16:27:54.389" type="error" text="npm WARN config production Use `--omit=dev` instead.
npm WARN EBADENGINE Unsupported engine {
npm WARN EBADENGINE   package: &apos;vite-react-typescript-starter@0.0.0&apos;,
npm WARN EBADENGINE   required: { node: &apos;&gt;=22.0.0&apos; },
npm WARN EBADENGINE   current: { node: &apos;v18.17.1&apos;, npm: &apos;9.6.7&apos; }
npm WARN EBADENGINE }
npm WARN EBADENGINE Unsupported engine {
npm WARN EBADENGINE   package: &apos;@eslint/config-array@0.18.0&apos;,
npm WARN EBADENGINE   required: { node: &apos;^18.18.0 || ^20.9.0 || &gt;=21.1.0&apos; },
npm WARN EBADENGINE   current: { node: &apos;v18.17.1&apos;, npm: &apos;9.6.7&apos; }
npm WARN EBADENGINE }
npm WARN EBADENGINE Unsupported engine {
npm WARN EBADENGINE   package: &apos;@eslint/core@0.6.0&apos;,
npm WARN EBADENGINE   required: { node: &apos;^18.18.0 || ^20.9.0 || &gt;=21.1.0&apos; },
npm WARN EBADENGINE   current: { node: &apos;v18.17.1&apos;, npm: &apos;9.6.7&apos; }
npm WARN EBADENGINE }
npm WARN EBADENGINE Unsupported engine {
npm WARN EBADENGINE   package: &apos;@eslint/eslintrc@3.1.0&apos;,
npm WARN EBADENGINE   required: { node: &apos;^18.18.0 || ^20.9.0 || &gt;=21.1.0&apos; },
npm WARN EBADENGINE   current: { node: &apos;v18.17.1&apos;, npm: &apos;9.6.7&apos; }
npm WARN EBADENGINE }
npm WARN EBADENGINE Unsupported engine {
npm WARN EBADENGINE   package: &apos;@eslint/js@9.12.0&apos;,
npm WARN EBADENGINE   required: { node: &apos;^18.18.0 || ^20.9.0 || &gt;=21.1.0&apos; },
npm WARN EBADENGINE   current: { node: &apos;v18.17.1&apos;, npm: &apos;9.6.7&apos; }
npm WARN EBADENGINE }
npm WARN EBADENGINE Unsupported engine {
npm WARN EBADENGINE   package: &apos;@eslint/object-schema@2.1.4&apos;,
npm WARN EBADENGINE   required: { node: &apos;^18.18.0 || ^20.9.0 || &gt;=21.1.0&apos; },
npm WARN EBADENGINE   current: { node: &apos;v18.17.1&apos;, npm: &apos;9.6.7&apos; }
npm WARN EBADENGINE }
npm WARN EBADENGINE Unsupported engine {
npm WARN EBADENGINE   package: &apos;@eslint/plugin-kit@0.2.0&apos;,
npm WARN EBADENGINE   required: { node: &apos;^18.18.0 || ^20.9.0 || &gt;=21.1.0&apos; },
npm WARN EBADENGINE   current: { node: &apos;v18.17.1&apos;, npm: &apos;9.6.7&apos; }
npm WARN EBADENGINE }
npm WARN EBADENGINE Unsupported engine {
npm WARN EBADENGINE   package: &apos;@humanfs/core@0.19.0&apos;,
npm WARN EBADENGINE   required: { node: &apos;&gt;=18.18.0&apos; },
npm WARN EBADENGINE   current: { node: &apos;v18.17.1&apos;, npm: &apos;9.6.7&apos; }
npm WARN EBADENGINE }
npm WARN EBADENGINE Unsupported engine {
npm WARN EBADENGINE   package: &apos;@humanfs/node@0.16.5&apos;,
npm WARN EBADENGINE   required: { node: &apos;&gt;=18.18.0&apos; },
npm WARN EBADENGINE   current: { node: &apos;v18.17.1&apos;, npm: &apos;9.6.7&apos; }
npm WARN EBADENGINE }
npm WARN EBADENGINE Unsupported engine {
npm WARN EBADENGINE   package: &apos;@humanwhocodes/retry@0.3.1&apos;,
npm WARN EBADENGINE   required: { node: &apos;&gt;=18.18&apos; },
npm WARN EBADENGINE   current: { node: &apos;v18.17.1&apos;, npm: &apos;9.6.7&apos; }
npm WARN EBADENGINE }
npm WARN EBADENGINE Unsupported engine {
npm WARN EBADENGINE   package: &apos;@typescript-eslint/eslint-plugin@8.8.1&apos;,
npm WARN EBADENGINE   required: { node: &apos;^18.18.0 || ^20.9.0 || &gt;=21.1.0&apos; },
npm WARN EBADENGINE   current: { node: &apos;v18.17.1&apos;, npm: &apos;9.6.7&apos; }
npm WARN EBADENGINE }
npm WARN EBADENGINE Unsupported engine {
npm WARN EBADENGINE   package: &apos;@typescript-eslint/parser@8.8.1&apos;,
npm WARN EBADENGINE   required: { node: &apos;^18.18.0 || ^20.9.0 || &gt;=21.1.0&apos; },
npm WARN EBADENGINE   current: { node: &apos;v18.17.1&apos;, npm: &apos;9.6.7&apos; }
npm WARN EBADENGINE }
npm WARN EBADENGINE Unsupported engine {
npm WARN EBADENGINE   package: &apos;@typescript-eslint/scope-manager@8.8.1&apos;,
npm WARN EBADENGINE   required: { node: &apos;^18.18.0 || ^20.9.0 || &gt;=21.1.0&apos; },
npm WARN EBADENGINE   current: { node: &apos;v18.17.1&apos;, npm: &apos;9.6.7&apos; }
npm WARN EBADENGINE }
npm WARN EBADENGINE Unsupported engine {
npm WARN EBADENGINE   package: &apos;@typescript-eslint/type-utils@8.8.1&apos;,
npm WARN EBADENGINE   required: { node: &apos;^18.18.0 || ^20.9.0 || &gt;=21.1.0&apos; },
npm WARN EBADENGINE   current: { node: &apos;v18.17.1&apos;, npm: &apos;9.6.7&apos; }
npm WARN EBADENGINE }
npm WARN EBADENGINE Unsupported engine {
npm WARN EBADENGINE   package: &apos;@typescript-eslint/types@8.8.1&apos;,
npm WARN EBADENGINE   required: { node: &apos;^18.18.0 || ^20.9.0 || &gt;=21.1.0&apos; },
npm WARN EBADENGINE   current: { node: &apos;v18.17.1&apos;, npm: &apos;9.6.7&apos; }
npm WARN EBADENGINE }
npm WARN EBADENGINE Unsupported engine {
npm WARN EBADENGINE   package: &apos;@typescript-eslint/typescript-estree@8.8.1&apos;,
npm WARN EBADENGINE   required: { node: &apos;^18.18.0 || ^20.9.0 || &gt;=21.1.0&apos; },
npm WARN EBADENGINE   current: { node: &apos;v18.17.1&apos;, npm: &apos;9.6.7&apos; }
npm WARN EBADENGINE }
npm WARN EBADENGINE Unsupported engine {
npm WARN EBADENGINE   package: &apos;@typescript-eslint/utils@8.8.1&apos;,
npm WARN EBADENGINE   required: { node: &apos;^18.18.0 || ^20.9.0 || &gt;=21.1.0&apos; },
npm WARN EBADENGINE   current: { node: &apos;v18.17.1&apos;, npm: &apos;9.6.7&apos; }
npm WARN EBADENGINE }
npm WARN EBADENGINE Unsupported engine {
npm WARN EBADENGINE   package: &apos;@typescript-eslint/visitor-keys@8.8.1&apos;,
npm WARN EBADENGINE   required: { node: &apos;^18.18.0 || ^20.9.0 || &gt;=21.1.0&apos; },
npm WARN EBADENGINE   current: { node: &apos;v18.17.1&apos;, npm: &apos;9.6.7&apos; }
npm WARN EBADENGINE }
npm WARN EBADENGINE Unsupported engine {
npm WARN EBADENGINE   package: &apos;eslint@9.12.0&apos;,
npm WARN EBADENGINE   required: { node: &apos;^18.18.0 || ^20.9.0 || &gt;=21.1.0&apos; },
npm WARN EBADENGINE   current: { node: &apos;v18.17.1&apos;, npm: &apos;9.6.7&apos; }
npm WARN EBADENGINE }
npm WARN EBADENGINE Unsupported engine {
npm WARN EBADENGINE   package: &apos;eslint-scope@8.1.0&apos;,
npm WARN EBADENGINE   required: { node: &apos;^18.18.0 || ^20.9.0 || &gt;=21.1.0&apos; },
npm WARN EBADENGINE   current: { node: &apos;v18.17.1&apos;, npm: &apos;9.6.7&apos; }
npm WARN EBADENGINE }
npm WARN EBADENGINE Unsupported engine {
npm WARN EBADENGINE   package: &apos;eslint-visitor-keys@4.1.0&apos;,
npm WARN EBADENGINE   required: { node: &apos;^18.18.0 || ^20.9.0 || &gt;=21.1.0&apos; },
npm WARN EBADENGINE   current: { node: &apos;v18.17.1&apos;, npm: &apos;9.6.7&apos; }
npm WARN EBADENGINE }
npm WARN EBADENGINE Unsupported engine {
npm WARN EBADENGINE   package: &apos;espree@10.2.0&apos;,
npm WARN EBADENGINE   required: { node: &apos;^18.18.0 || ^20.9.0 || &gt;=21.1.0&apos; },
npm WARN EBADENGINE   current: { node: &apos;v18.17.1&apos;, npm: &apos;9.6.7&apos; }
npm WARN EBADENGINE }
npm WARN EBADENGINE Unsupported engine {
npm WARN EBADENGINE   package: &apos;typescript-eslint@8.8.1&apos;,
npm WARN EBADENGINE   required: { node: &apos;^18.18.0 || ^20.9.0 || &gt;=21.1.0&apos; },
npm WARN EBADENGINE   current: { node: &apos;v18.17.1&apos;, npm: &apos;9.6.7&apos; }
npm WARN EBADENGINE }
npm notice 
npm notice New major version of npm available! 9.6.7 -&gt; 11.5.2
npm notice Changelog: &lt;https://github.com/npm/cli/releases/tag/v11.5.2&gt;
npm notice Run `npm install -g npm@11.5.2` to update!
npm notice 
sh: 1: vite: not found
node:internal/errors:496
    ErrorCaptureStackTrace(err);
    ^

Error [ERR_MODULE_NOT_FOUND]: Cannot find module &apos;/home/site/wwwroot/services/weatherCache.js&apos; imported from /home/site/wwwroot/dist/server.js
    at new NodeError (node:internal/errors:405:5)
    at finalizeResolution (node:internal/modules/esm/resolve:324:11)
    at moduleResolve (node:internal/modules/esm/resolve:943:10)
    at defaultResolve (node:internal/modules/esm/resolve:1129:11)
    at nextResolve (node:internal/modules/esm/loader:163:28)
    at ESMLoader.resolve (node:internal/modules/esm/loader:835:30)
    at ESMLoader.getModuleJob (node:internal/modules/esm/loader:424:18)
    at ModuleWrap.&lt;anonymous&gt; (node:internal/modules/esm/module_job:77:40)
    at link (node:internal/modules/esm/module_job:76:36) {
  code: &apos;ERR_MODULE_NOT_FOUND&apos;
}

Node.js v18.17.1
/opt/Kudu/Scripts/starter.sh bash startup.sh" stackTrace="   at Kudu.Core.Infrastructure.Executable.ExecuteInternal(ITracer tracer, Func`2 onWriteOutput, Func`2 onWriteError, CancellationToken token, Encoding encoding, String arguments, Object[] args) in /tmp/KuduLite/Kudu.Core/Infrastructure/Executable.cs:line 239
   at Kudu.Core.Infrastructure.Executable.ExecuteWithProgressWriter(ILogger logger, ITracer tracer, CancellationToken token, String arguments, Object[] args) in /tmp/KuduLite/Kudu.Core/Infrastructure/Executable.cs:line 118
   at Kudu.Core.Deployment.Generator.ExternalCommandBuilder.RunCommand(DeploymentContext context, String command, Boolean ignoreManifest, CancellationToken token, String message) in /tmp/KuduLite/Kudu.Core/Deployment/Generator/ExternalCommandBuilder.cs:line 122
   at Kudu.Core.Deployment.Generator.CustomBuilder.Build(DeploymentContext context, CancellationToken token) in /tmp/KuduLite/Kudu.Core/Deployment/Generator/CustomBuilder.cs:line 53
--- End of stack trace from previous location ---
   at Kudu.Core.Deployment.DeploymentManager.Build(ChangeSet changeSet, ITracer tracer, IDisposable deployStep, IRepository repository, DeploymentInfoBase deploymentInfo, DeploymentAnalytics deploymentAnalytics, Boolean fullBuildByDefault, CancellationToken cancellationToken) in /tmp/KuduLite/Kudu.Core/Deployment/DeploymentManager.cs:line 771
   at Kudu.Core.Deployment.DeploymentManager.Build(ChangeSet changeSet, ITracer tracer, IDisposable deployStep, IRepository repository, DeploymentInfoBase deploymentInfo, DeploymentAnalytics deploymentAnalytics, Boolean fullBuildByDefault, CancellationToken cancellationToken) in /tmp/KuduLite/Kudu.Core/Deployment/DeploymentManager.cs:line 840
   at Kudu.Core.Deployment.DeploymentManager.DeployAsync(IRepository repository, ChangeSet changeSet, String deployer, Boolean clean, DeploymentInfoBase deploymentInfo, Boolean needFileUpdate, Boolean fullBuildByDefault) in /tmp/KuduLite/Kudu.Core/Deployment/DeploymentManager.cs:line 266" /><!-- duration: 1ms -->
        </step><!-- duration: 148774ms -->
        <step title="Reloading status file with latest updates" date="2025-08-28T16:27:54.443" >
          <step title="WebHooksManager.PublishEventAsync: PostDeployment" date="2025-08-28T16:27:54.444" /><!-- duration: 17ms -->
        </step><!-- duration: 20ms -->
        <step title="Error occurred" date="2025-08-28T16:27:54.464" type="error" text="npm WARN config production Use `--omit=dev` instead.
npm WARN EBADENGINE Unsupported engine {
npm WARN EBADENGINE   package: &apos;vite-react-typescript-starter@0.0.0&apos;,
npm WARN EBADENGINE   required: { node: &apos;&gt;=22.0.0&apos; },
npm WARN EBADENGINE   current: { node: &apos;v18.17.1&apos;, npm: &apos;9.6.7&apos; }
npm WARN EBADENGINE }
npm WARN EBADENGINE Unsupported engine {
npm WARN EBADENGINE   package: &apos;@eslint/config-array@0.18.0&apos;,
npm WARN EBADENGINE   required: { node: &apos;^18.18.0 || ^20.9.0 || &gt;=21.1.0&apos; },
npm WARN EBADENGINE   current: { node: &apos;v18.17.1&apos;, npm: &apos;9.6.7&apos; }
npm WARN EBADENGINE }
npm WARN EBADENGINE Unsupported engine {
npm WARN EBADENGINE   package: &apos;@eslint/core@0.6.0&apos;,
npm WARN EBADENGINE   required: { node: &apos;^18.18.0 || ^20.9.0 || &gt;=21.1.0&apos; },
npm WARN EBADENGINE   current: { node: &apos;v18.17.1&apos;, npm: &apos;9.6.7&apos; }
npm WARN EBADENGINE }
npm WARN EBADENGINE Unsupported engine {
npm WARN EBADENGINE   package: &apos;@eslint/eslintrc@3.1.0&apos;,
npm WARN EBADENGINE   required: { node: &apos;^18.18.0 || ^20.9.0 || &gt;=21.1.0&apos; },
npm WARN EBADENGINE   current: { node: &apos;v18.17.1&apos;, npm: &apos;9.6.7&apos; }
npm WARN EBADENGINE }
npm WARN EBADENGINE Unsupported engine {
npm WARN EBADENGINE   package: &apos;@eslint/js@9.12.0&apos;,
npm WARN EBADENGINE   required: { node: &apos;^18.18.0 || ^20.9.0 || &gt;=21.1.0&apos; },
npm WARN EBADENGINE   current: { node: &apos;v18.17.1&apos;, npm: &apos;9.6.7&apos; }
npm WARN EBADENGINE }
npm WARN EBADENGINE Unsupported engine {
npm WARN EBADENGINE   package: &apos;@eslint/object-schema@2.1.4&apos;,
npm WARN EBADENGINE   required: { node: &apos;^18.18.0 || ^20.9.0 || &gt;=21.1.0&apos; },
npm WARN EBADENGINE   current: { node: &apos;v18.17.1&apos;, npm: &apos;9.6.7&apos; }
npm WARN EBADENGINE }
npm WARN EBADENGINE Unsupported engine {
npm WARN EBADENGINE   package: &apos;@eslint/plugin-kit@0.2.0&apos;,
npm WARN EBADENGINE   required: { node: &apos;^18.18.0 || ^20.9.0 || &gt;=21.1.0&apos; },
npm WARN EBADENGINE   current: { node: &apos;v18.17.1&apos;, npm: &apos;9.6.7&apos; }
npm WARN EBADENGINE }
npm WARN EBADENGINE Unsupported engine {
npm WARN EBADENGINE   package: &apos;@humanfs/core@0.19.0&apos;,
npm WARN EBADENGINE   required: { node: &apos;&gt;=18.18.0&apos; },
npm WARN EBADENGINE   current: { node: &apos;v18.17.1&apos;, npm: &apos;9.6.7&apos; }
npm WARN EBADENGINE }
npm WARN EBADENGINE Unsupported engine {
npm WARN EBADENGINE   package: &apos;@humanfs/node@0.16.5&apos;,
npm WARN EBADENGINE   required: { node: &apos;&gt;=18.18.0&apos; },
npm WARN EBADENGINE   current: { node: &apos;v18.17.1&apos;, npm: &apos;9.6.7&apos; }
npm WARN EBADENGINE }
npm WARN EBADENGINE Unsupported engine {
npm WARN EBADENGINE   package: &apos;@humanwhocodes/retry@0.3.1&apos;,
npm WARN EBADENGINE   required: { node: &apos;&gt;=18.18&apos; },
npm WARN EBADENGINE   current: { node: &apos;v18.17.1&apos;, npm: &apos;9.6.7&apos; }
npm WARN EBADENGINE }
npm WARN EBADENGINE Unsupported engine {
npm WARN EBADENGINE   package: &apos;@typescript-eslint/eslint-plugin@8.8.1&apos;,
npm WARN EBADENGINE   required: { node: &apos;^18.18.0 || ^20.9.0 || &gt;=21.1.0&apos; },
npm WARN EBADENGINE   current: { node: &apos;v18.17.1&apos;, npm: &apos;9.6.7&apos; }
npm WARN EBADENGINE }
npm WARN EBADENGINE Unsupported engine {
npm WARN EBADENGINE   package: &apos;@typescript-eslint/parser@8.8.1&apos;,
npm WARN EBADENGINE   required: { node: &apos;^18.18.0 || ^20.9.0 || &gt;=21.1.0&apos; },
npm WARN EBADENGINE   current: { node: &apos;v18.17.1&apos;, npm: &apos;9.6.7&apos; }
npm WARN EBADENGINE }
npm WARN EBADENGINE Unsupported engine {
npm WARN EBADENGINE   package: &apos;@typescript-eslint/scope-manager@8.8.1&apos;,
npm WARN EBADENGINE   required: { node: &apos;^18.18.0 || ^20.9.0 || &gt;=21.1.0&apos; },
npm WARN EBADENGINE   current: { node: &apos;v18.17.1&apos;, npm: &apos;9.6.7&apos; }
npm WARN EBADENGINE }
npm WARN EBADENGINE Unsupported engine {
npm WARN EBADENGINE   package: &apos;@typescript-eslint/type-utils@8.8.1&apos;,
npm WARN EBADENGINE   required: { node: &apos;^18.18.0 || ^20.9.0 || &gt;=21.1.0&apos; },
npm WARN EBADENGINE   current: { node: &apos;v18.17.1&apos;, npm: &apos;9.6.7&apos; }
npm WARN EBADENGINE }
npm WARN EBADENGINE Unsupported engine {
npm WARN EBADENGINE   package: &apos;@typescript-eslint/types@8.8.1&apos;,
npm WARN EBADENGINE   required: { node: &apos;^18.18.0 || ^20.9.0 || &gt;=21.1.0&apos; },
npm WARN EBADENGINE   current: { node: &apos;v18.17.1&apos;, npm: &apos;9.6.7&apos; }
npm WARN EBADENGINE }
npm WARN EBADENGINE Unsupported engine {
npm WARN EBADENGINE   package: &apos;@typescript-eslint/typescript-estree@8.8.1&apos;,
npm WARN EBADENGINE   required: { node: &apos;^18.18.0 || ^20.9.0 || &gt;=21.1.0&apos; },
npm WARN EBADENGINE   current: { node: &apos;v18.17.1&apos;, npm: &apos;9.6.7&apos; }
npm WARN EBADENGINE }
npm WARN EBADENGINE Unsupported engine {
npm WARN EBADENGINE   package: &apos;@typescript-eslint/utils@8.8.1&apos;,
npm WARN EBADENGINE   required: { node: &apos;^18.18.0 || ^20.9.0 || &gt;=21.1.0&apos; },
npm WARN EBADENGINE   current: { node: &apos;v18.17.1&apos;, npm: &apos;9.6.7&apos; }
npm WARN EBADENGINE }
npm WARN EBADENGINE Unsupported engine {
npm WARN EBADENGINE   package: &apos;@typescript-eslint/visitor-keys@8.8.1&apos;,
npm WARN EBADENGINE   required: { node: &apos;^18.18.0 || ^20.9.0 || &gt;=21.1.0&apos; },
npm WARN EBADENGINE   current: { node: &apos;v18.17.1&apos;, npm: &apos;9.6.7&apos; }
npm WARN EBADENGINE }
npm WARN EBADENGINE Unsupported engine {
npm WARN EBADENGINE   package: &apos;eslint@9.12.0&apos;,
npm WARN EBADENGINE   required: { node: &apos;^18.18.0 || ^20.9.0 || &gt;=21.1.0&apos; },
npm WARN EBADENGINE   current: { node: &apos;v18.17.1&apos;, npm: &apos;9.6.7&apos; }
npm WARN EBADENGINE }
npm WARN EBADENGINE Unsupported engine {
npm WARN EBADENGINE   package: &apos;eslint-scope@8.1.0&apos;,
npm WARN EBADENGINE   required: { node: &apos;^18.18.0 || ^20.9.0 || &gt;=21.1.0&apos; },
npm WARN EBADENGINE   current: { node: &apos;v18.17.1&apos;, npm: &apos;9.6.7&apos; }
npm WARN EBADENGINE }
npm WARN EBADENGINE Unsupported engine {
npm WARN EBADENGINE   package: &apos;eslint-visitor-keys@4.1.0&apos;,
npm WARN EBADENGINE   required: { node: &apos;^18.18.0 || ^20.9.0 || &gt;=21.1.0&apos; },
npm WARN EBADENGINE   current: { node: &apos;v18.17.1&apos;, npm: &apos;9.6.7&apos; }
npm WARN EBADENGINE }
npm WARN EBADENGINE Unsupported engine {
npm WARN EBADENGINE   package: &apos;espree@10.2.0&apos;,
npm WARN EBADENGINE   required: { node: &apos;^18.18.0 || ^20.9.0 || &gt;=21.1.0&apos; },
npm WARN EBADENGINE   current: { node: &apos;v18.17.1&apos;, npm: &apos;9.6.7&apos; }
npm WARN EBADENGINE }
npm WARN EBADENGINE Unsupported engine {
npm WARN EBADENGINE   package: &apos;typescript-eslint@8.8.1&apos;,
npm WARN EBADENGINE   required: { node: &apos;^18.18.0 || ^20.9.0 || &gt;=21.1.0&apos; },
npm WARN EBADENGINE   current: { node: &apos;v18.17.1&apos;, npm: &apos;9.6.7&apos; }
npm WARN EBADENGINE }
npm notice 
npm notice New major version of npm available! 9.6.7 -&gt; 11.5.2
npm notice Changelog: &lt;https://github.com/npm/cli/releases/tag/v11.5.2&gt;
npm notice Run `npm install -g npm@11.5.2` to update!
npm notice 
sh: 1: vite: not found
node:internal/errors:496
    ErrorCaptureStackTrace(err);
    ^

Error [ERR_MODULE_NOT_FOUND]: Cannot find module &apos;/home/site/wwwroot/services/weatherCache.js&apos; imported from /home/site/wwwroot/dist/server.js
    at new NodeError (node:internal/errors:405:5)
    at finalizeResolution (node:internal/modules/esm/resolve:324:11)
    at moduleResolve (node:internal/modules/esm/resolve:943:10)
    at defaultResolve (node:internal/modules/esm/resolve:1129:11)
    at nextResolve (node:internal/modules/esm/loader:163:28)
    at ESMLoader.resolve (node:internal/modules/esm/loader:835:30)
    at ESMLoader.getModuleJob (node:internal/modules/esm/loader:424:18)
    at ModuleWrap.&lt;anonymous&gt; (node:internal/modules/esm/module_job:77:40)
    at link (node:internal/modules/esm/module_job:76:36) {
  code: &apos;ERR_MODULE_NOT_FOUND&apos;
}

Node.js v18.17.1
/opt/Kudu/Scripts/starter.sh bash startup.sh" stackTrace="   at Kudu.Core.Infrastructure.Executable.ExecuteInternal(ITracer tracer, Func`2 onWriteOutput, Func`2 onWriteError, CancellationToken token, Encoding encoding, String arguments, Object[] args) in /tmp/KuduLite/Kudu.Core/Infrastructure/Executable.cs:line 239
   at Kudu.Core.Infrastructure.Executable.ExecuteWithProgressWriter(ILogger logger, ITracer tracer, CancellationToken token, String arguments, Object[] args) in /tmp/KuduLite/Kudu.Core/Infrastructure/Executable.cs:line 118
   at Kudu.Core.Deployment.Generator.ExternalCommandBuilder.RunCommand(DeploymentContext context, String command, Boolean ignoreManifest, CancellationToken token, String message) in /tmp/KuduLite/Kudu.Core/Deployment/Generator/ExternalCommandBuilder.cs:line 122
   at Kudu.Core.Deployment.Generator.CustomBuilder.Build(DeploymentContext context, CancellationToken token) in /tmp/KuduLite/Kudu.Core/Deployment/Generator/CustomBuilder.cs:line 53
--- End of stack trace from previous location ---
   at Kudu.Core.Deployment.DeploymentManager.Build(ChangeSet changeSet, ITracer tracer, IDisposable deployStep, IRepository repository, DeploymentInfoBase deploymentInfo, DeploymentAnalytics deploymentAnalytics, Boolean fullBuildByDefault, CancellationToken cancellationToken) in /tmp/KuduLite/Kudu.Core/Deployment/DeploymentManager.cs:line 771
   at Kudu.Core.Deployment.DeploymentManager.Build(ChangeSet changeSet, ITracer tracer, IDisposable deployStep, IRepository repository, DeploymentInfoBase deploymentInfo, DeploymentAnalytics deploymentAnalytics, Boolean fullBuildByDefault, CancellationToken cancellationToken) in /tmp/KuduLite/Kudu.Core/Deployment/DeploymentManager.cs:line 840
   at Kudu.Core.Deployment.DeploymentManager.DeployAsync(IRepository repository, ChangeSet changeSet, String deployer, Boolean clean, DeploymentInfoBase deploymentInfo, Boolean needFileUpdate, Boolean fullBuildByDefault) in /tmp/KuduLite/Kudu.Core/Deployment/DeploymentManager.cs:line 266" /><!-- duration: 1ms -->
        <step title="Marking deployment as failed and cleaning up the temp deployment" date="2025-08-28T16:27:54.492" /><!-- duration: 1ms -->
      </step><!-- duration: 150672ms -->
      <step title="Error occurred" date="2025-08-28T16:27:54.618" type="error" text="One or more errors occurred. (Deployment failed)" stackTrace="   at System.Threading.Tasks.Task.ThrowIfExceptional(Boolean includeTaskCanceledExceptions)
   at System.Threading.Tasks.Task.Wait(Int32 millisecondsTimeout, CancellationToken cancellationToken)
   at System.Threading.Tasks.Task.Wait()
   at Kudu.Core.Deployment.FetchDeploymentManager.&lt;&gt;c__DisplayClass22_1.&lt;PerformBackgroundDeployment&gt;b__3() in /tmp/KuduLite/Kudu.Core/Deployment/FetchDeploymentManager.cs:line 414
   at Kudu.Contracts.Infrastructure.LockExtensions.TryLockOperation(IOperationLock lockObj, Action operation, String operationName, TimeSpan timeout) in /tmp/KuduLite/Kudu.Contracts/Infrastructure/LockExtensions.cs:line 34
   at Kudu.Contracts.Infrastructure.LockExtensions.LockOperation(IOperationLock lockObj, Action operation, String operationName, TimeSpan timeout) in /tmp/KuduLite/Kudu.Contracts/Infrastructure/LockExtensions.cs:line 46
   at Kudu.Core.Deployment.FetchDeploymentManager.&lt;&gt;c__DisplayClass22_0.&lt;PerformBackgroundDeployment&gt;b__1() in /tmp/KuduLite/Kudu.Core/Deployment/FetchDeploymentManager.cs:line 393" innerText="Deployment failed" innerStackTrace="   at Kudu.Core.Deployment.DeploymentManager.DeployAsync(IRepository repository, ChangeSet changeSet, String deployer, Boolean clean, DeploymentInfoBase deploymentInfo, Boolean needFileUpdate, Boolean fullBuildByDefault) in /tmp/KuduLite/Kudu.Core/Deployment/DeploymentManager.cs:line 307
   at Kudu.Core.Deployment.FetchDeploymentManager.PerformDeployment(DeploymentInfoBase deploymentInfo, IDisposable tempDeployment, ChangeSet tempChangeSet, DeployStatusApiResult updateStatusObj) in /tmp/KuduLite/Kudu.Core/Deployment/FetchDeploymentManager.cs:line 230" /><!-- duration: 1ms -->
    </step><!-- duration: 150683ms -->
