<step title="BackgroundTrace" date="2025-08-28T16:29:54.236" instance="7f1a8d" url="/api/zipdeploy" method="POST" >
  <step title="Creating temporary deployment - FetchDeploymentManager" date="2025-08-28T16:29:54.265" /><!-- duration: 2ms -->
  <step title="Creating temporary deployment" date="2025-08-28T16:29:54.268" /><!-- duration: 36ms -->
  <step title="Performing fetch based deployment" date="2025-08-28T16:29:54.322" >
    <step title="Cleaning up temp folders from previous zip deployments and extracting pushed zip file /tmp/zipdeploy/25bd6d83-c536-4dd4-8d76-882ce27a6b30.zip (9.78 MB) to /tmp/zipdeploy/extracted" date="2025-08-28T16:29:55.436" >
      <step title="ChmodRecursive Process exited with total time taken in ms: 10" date="2025-08-28T16:29:55.765" /><!-- duration: 2ms -->
    </step><!-- duration: 332ms -->
    <step title="Deployment timer started" date="2025-08-28T16:29:57.772" >
      <step title="DeploymentManager.Deploy(id:0f48653b-4d17-42d1-9f1a-8e079bdb7cba)" date="2025-08-28T16:29:57.773" >
        <step title="Collecting changeset information" date="2025-08-28T16:29:57.779" /><!-- duration: 61ms -->
        <step title="Updating submodules" date="2025-08-28T16:29:57.843" /><!-- duration: 1093ms -->
        <step title="Determining deployment builder" date="2025-08-28T16:29:59.370" >
          <step title="Builder is CustomBuilder" date="2025-08-28T16:29:59.372" /><!-- duration: 1ms -->
        </step><!-- duration: 4ms -->
        <step title="PreDeployment: context.CleanOutputPath False" date="2025-08-28T16:29:59.407" >
          <step title="PreDeployment: context.OutputPath /home/site/wwwroot" date="2025-08-28T16:29:59.510" >
            <step title="Building" date="2025-08-28T16:29:59.625" >
              <step title="Executing external process" date="2025-08-28T16:29:59.930" type="process" path="starter.sh" arguments="bash startup.sh" >
                <step title="Process dump" date="2025-08-28T16:30:09.176" exitCode="1" type="processOutput" /><!-- duration: 1ms -->
              </step><!-- duration: 9249ms -->
              <step title="Error occurred" date="2025-08-28T16:30:09.183" type="error" text="npm WARN exec The following package was not found and will be installed: vite@7.1.3
npm WARN EBADENGINE Unsupported engine {
npm WARN EBADENGINE   package: &apos;vite@7.1.3&apos;,
npm WARN EBADENGINE   required: { node: &apos;^20.19.0 || &gt;=22.12.0&apos; },
npm WARN EBADENGINE   current: { node: &apos;v18.17.1&apos;, npm: &apos;9.6.7&apos; }
npm WARN EBADENGINE }
You are using Node.js 18.17.1. Vite requires Node.js version 20.19+ or 22.12+. Please upgrade your Node.js version.
failed to load config from /home/site/wwwroot/vite.config.ts
error during build:
Error: spawn EINVAL
    at ChildProcess.spawn (node:internal/child_process:413:11)
    at Object.spawn (node:child_process:757:9)
    at ensureServiceIsRunning (/home/.npm/_npx/9ed06546b0653f96/node_modules/esbuild/lib/main.js:1978:29)
    at build (/home/.npm/_npx/9ed06546b0653f96/node_modules/esbuild/lib/main.js:1876:26)
    at bundleConfigFile (file:///home/.npm/_npx/9ed06546b0653f96/node_modules/vite/dist/node/chunks/dep-Bj7gA1-0.js:36420:23)
    at async bundleAndLoadConfigFile (file:///home/.npm/_npx/9ed06546b0653f96/node_modules/vite/dist/node/chunks/dep-Bj7gA1-0.js:36408:18)
    at async loadConfigFromFile (file:///home/.npm/_npx/9ed06546b0653f96/node_modules/vite/dist/node/chunks/dep-Bj7gA1-0.js:36376:42)
    at async resolveConfig (file:///home/.npm/_npx/9ed06546b0653f96/node_modules/vite/dist/node/chunks/dep-Bj7gA1-0.js:36022:22)
    at async createBuilder (file:///home/.npm/_npx/9ed06546b0653f96/node_modules/vite/dist/node/chunks/dep-Bj7gA1-0.js:34478:19)
    at async CAC.&lt;anonymous&gt; (file:///home/.npm/_npx/9ed06546b0653f96/node_modules/vite/dist/node/cli.js:648:19)
node:internal/errors:496
    ErrorCaptureStackTrace(err);
    ^

Error [ERR_MODULE_NOT_FOUND]: Cannot find module &apos;/home/site/wwwroot/services/weatherCache.js&apos; imported from /home/site/wwwroot/dist/server.js
    at new NodeError (node:internal/errors:405:5)
    at finalizeResolution (node:internal/modules/esm/resolve:324:11)
    at moduleResolve (node:internal/modules/esm/resolve:943:10)
    at defaultResolve (node:internal/modules/esm/resolve:1129:11)
    at nextResolve (node:internal/modules/esm/loader:163:28)
    at ESMLoader.resolve (node:internal/modules/esm/loader:835:30)
    at ESMLoader.getModuleJob (node:internal/modules/esm/loader:424:18)
    at ModuleWrap.&lt;anonymous&gt; (node:internal/modules/esm/module_job:77:40)
    at link (node:internal/modules/esm/module_job:76:36) {
  code: &apos;ERR_MODULE_NOT_FOUND&apos;
}

Node.js v18.17.1
/opt/Kudu/Scripts/starter.sh bash startup.sh" stackTrace="   at Kudu.Core.Infrastructure.Executable.ExecuteInternal(ITracer tracer, Func`2 onWriteOutput, Func`2 onWriteError, CancellationToken token, Encoding encoding, String arguments, Object[] args) in /tmp/KuduLite/Kudu.Core/Infrastructure/Executable.cs:line 239
   at Kudu.Core.Infrastructure.Executable.ExecuteWithProgressWriter(ILogger logger, ITracer tracer, CancellationToken token, String arguments, Object[] args) in /tmp/KuduLite/Kudu.Core/Infrastructure/Executable.cs:line 118
   at Kudu.Core.Deployment.Generator.ExternalCommandBuilder.RunCommand(DeploymentContext context, String command, Boolean ignoreManifest, CancellationToken token, String message) in /tmp/KuduLite/Kudu.Core/Deployment/Generator/ExternalCommandBuilder.cs:line 122" /><!-- duration: 2ms -->
              <step title="Error occurred" date="2025-08-28T16:30:09.188" type="error" text="npm WARN exec The following package was not found and will be installed: vite@7.1.3
npm WARN EBADENGINE Unsupported engine {
npm WARN EBADENGINE   package: &apos;vite@7.1.3&apos;,
npm WARN EBADENGINE   required: { node: &apos;^20.19.0 || &gt;=22.12.0&apos; },
npm WARN EBADENGINE   current: { node: &apos;v18.17.1&apos;, npm: &apos;9.6.7&apos; }
npm WARN EBADENGINE }
You are using Node.js 18.17.1. Vite requires Node.js version 20.19+ or 22.12+. Please upgrade your Node.js version.
failed to load config from /home/site/wwwroot/vite.config.ts
error during build:
Error: spawn EINVAL
    at ChildProcess.spawn (node:internal/child_process:413:11)
    at Object.spawn (node:child_process:757:9)
    at ensureServiceIsRunning (/home/.npm/_npx/9ed06546b0653f96/node_modules/esbuild/lib/main.js:1978:29)
    at build (/home/.npm/_npx/9ed06546b0653f96/node_modules/esbuild/lib/main.js:1876:26)
    at bundleConfigFile (file:///home/.npm/_npx/9ed06546b0653f96/node_modules/vite/dist/node/chunks/dep-Bj7gA1-0.js:36420:23)
    at async bundleAndLoadConfigFile (file:///home/.npm/_npx/9ed06546b0653f96/node_modules/vite/dist/node/chunks/dep-Bj7gA1-0.js:36408:18)
    at async loadConfigFromFile (file:///home/.npm/_npx/9ed06546b0653f96/node_modules/vite/dist/node/chunks/dep-Bj7gA1-0.js:36376:42)
    at async resolveConfig (file:///home/.npm/_npx/9ed06546b0653f96/node_modules/vite/dist/node/chunks/dep-Bj7gA1-0.js:36022:22)
    at async createBuilder (file:///home/.npm/_npx/9ed06546b0653f96/node_modules/vite/dist/node/chunks/dep-Bj7gA1-0.js:34478:19)
    at async CAC.&lt;anonymous&gt; (file:///home/.npm/_npx/9ed06546b0653f96/node_modules/vite/dist/node/cli.js:648:19)
node:internal/errors:496
    ErrorCaptureStackTrace(err);
    ^

Error [ERR_MODULE_NOT_FOUND]: Cannot find module &apos;/home/site/wwwroot/services/weatherCache.js&apos; imported from /home/site/wwwroot/dist/server.js
    at new NodeError (node:internal/errors:405:5)
    at finalizeResolution (node:internal/modules/esm/resolve:324:11)
    at moduleResolve (node:internal/modules/esm/resolve:943:10)
    at defaultResolve (node:internal/modules/esm/resolve:1129:11)
    at nextResolve (node:internal/modules/esm/loader:163:28)
    at ESMLoader.resolve (node:internal/modules/esm/loader:835:30)
    at ESMLoader.getModuleJob (node:internal/modules/esm/loader:424:18)
    at ModuleWrap.&lt;anonymous&gt; (node:internal/modules/esm/module_job:77:40)
    at link (node:internal/modules/esm/module_job:76:36) {
  code: &apos;ERR_MODULE_NOT_FOUND&apos;
}

Node.js v18.17.1
/opt/Kudu/Scripts/starter.sh bash startup.sh" stackTrace="   at Kudu.Core.Infrastructure.Executable.ExecuteInternal(ITracer tracer, Func`2 onWriteOutput, Func`2 onWriteError, CancellationToken token, Encoding encoding, String arguments, Object[] args) in /tmp/KuduLite/Kudu.Core/Infrastructure/Executable.cs:line 239
   at Kudu.Core.Infrastructure.Executable.ExecuteWithProgressWriter(ILogger logger, ITracer tracer, CancellationToken token, String arguments, Object[] args) in /tmp/KuduLite/Kudu.Core/Infrastructure/Executable.cs:line 118
   at Kudu.Core.Deployment.Generator.ExternalCommandBuilder.RunCommand(DeploymentContext context, String command, Boolean ignoreManifest, CancellationToken token, String message) in /tmp/KuduLite/Kudu.Core/Deployment/Generator/ExternalCommandBuilder.cs:line 122
   at Kudu.Core.Deployment.Generator.CustomBuilder.Build(DeploymentContext context, CancellationToken token) in /tmp/KuduLite/Kudu.Core/Deployment/Generator/CustomBuilder.cs:line 53
--- End of stack trace from previous location ---
   at Kudu.Core.Deployment.DeploymentManager.Build(ChangeSet changeSet, ITracer tracer, IDisposable deployStep, IRepository repository, DeploymentInfoBase deploymentInfo, DeploymentAnalytics deploymentAnalytics, Boolean fullBuildByDefault, CancellationToken cancellationToken) in /tmp/KuduLite/Kudu.Core/Deployment/DeploymentManager.cs:line 771" /><!-- duration: 2ms -->
              <step title="Purge deployment items" date="2025-08-28T16:30:09.677" >
                <step title="Remove 6d301477-, Failed, received at 08/28/2025 16:25:23" date="2025-08-28T16:30:09.715" /><!-- duration: 1ms -->
              </step><!-- duration: 41ms -->
            </step><!-- duration: 10095ms -->
          </step><!-- duration: 10212ms -->
          <step title="Error occurred" date="2025-08-28T16:30:09.723" type="error" text="npm WARN exec The following package was not found and will be installed: vite@7.1.3
npm WARN EBADENGINE Unsupported engine {
npm WARN EBADENGINE   package: &apos;vite@7.1.3&apos;,
npm WARN EBADENGINE   required: { node: &apos;^20.19.0 || &gt;=22.12.0&apos; },
npm WARN EBADENGINE   current: { node: &apos;v18.17.1&apos;, npm: &apos;9.6.7&apos; }
npm WARN EBADENGINE }
You are using Node.js 18.17.1. Vite requires Node.js version 20.19+ or 22.12+. Please upgrade your Node.js version.
failed to load config from /home/site/wwwroot/vite.config.ts
error during build:
Error: spawn EINVAL
    at ChildProcess.spawn (node:internal/child_process:413:11)
    at Object.spawn (node:child_process:757:9)
    at ensureServiceIsRunning (/home/.npm/_npx/9ed06546b0653f96/node_modules/esbuild/lib/main.js:1978:29)
    at build (/home/.npm/_npx/9ed06546b0653f96/node_modules/esbuild/lib/main.js:1876:26)
    at bundleConfigFile (file:///home/.npm/_npx/9ed06546b0653f96/node_modules/vite/dist/node/chunks/dep-Bj7gA1-0.js:36420:23)
    at async bundleAndLoadConfigFile (file:///home/.npm/_npx/9ed06546b0653f96/node_modules/vite/dist/node/chunks/dep-Bj7gA1-0.js:36408:18)
    at async loadConfigFromFile (file:///home/.npm/_npx/9ed06546b0653f96/node_modules/vite/dist/node/chunks/dep-Bj7gA1-0.js:36376:42)
    at async resolveConfig (file:///home/.npm/_npx/9ed06546b0653f96/node_modules/vite/dist/node/chunks/dep-Bj7gA1-0.js:36022:22)
    at async createBuilder (file:///home/.npm/_npx/9ed06546b0653f96/node_modules/vite/dist/node/chunks/dep-Bj7gA1-0.js:34478:19)
    at async CAC.&lt;anonymous&gt; (file:///home/.npm/_npx/9ed06546b0653f96/node_modules/vite/dist/node/cli.js:648:19)
node:internal/errors:496
    ErrorCaptureStackTrace(err);
    ^

Error [ERR_MODULE_NOT_FOUND]: Cannot find module &apos;/home/site/wwwroot/services/weatherCache.js&apos; imported from /home/site/wwwroot/dist/server.js
    at new NodeError (node:internal/errors:405:5)
    at finalizeResolution (node:internal/modules/esm/resolve:324:11)
    at moduleResolve (node:internal/modules/esm/resolve:943:10)
    at defaultResolve (node:internal/modules/esm/resolve:1129:11)
    at nextResolve (node:internal/modules/esm/loader:163:28)
    at ESMLoader.resolve (node:internal/modules/esm/loader:835:30)
    at ESMLoader.getModuleJob (node:internal/modules/esm/loader:424:18)
    at ModuleWrap.&lt;anonymous&gt; (node:internal/modules/esm/module_job:77:40)
    at link (node:internal/modules/esm/module_job:76:36) {
  code: &apos;ERR_MODULE_NOT_FOUND&apos;
}

Node.js v18.17.1
/opt/Kudu/Scripts/starter.sh bash startup.sh" stackTrace="   at Kudu.Core.Infrastructure.Executable.ExecuteInternal(ITracer tracer, Func`2 onWriteOutput, Func`2 onWriteError, CancellationToken token, Encoding encoding, String arguments, Object[] args) in /tmp/KuduLite/Kudu.Core/Infrastructure/Executable.cs:line 239
   at Kudu.Core.Infrastructure.Executable.ExecuteWithProgressWriter(ILogger logger, ITracer tracer, CancellationToken token, String arguments, Object[] args) in /tmp/KuduLite/Kudu.Core/Infrastructure/Executable.cs:line 118
   at Kudu.Core.Deployment.Generator.ExternalCommandBuilder.RunCommand(DeploymentContext context, String command, Boolean ignoreManifest, CancellationToken token, String message) in /tmp/KuduLite/Kudu.Core/Deployment/Generator/ExternalCommandBuilder.cs:line 122
   at Kudu.Core.Deployment.Generator.CustomBuilder.Build(DeploymentContext context, CancellationToken token) in /tmp/KuduLite/Kudu.Core/Deployment/Generator/CustomBuilder.cs:line 53
--- End of stack trace from previous location ---
   at Kudu.Core.Deployment.DeploymentManager.Build(ChangeSet changeSet, ITracer tracer, IDisposable deployStep, IRepository repository, DeploymentInfoBase deploymentInfo, DeploymentAnalytics deploymentAnalytics, Boolean fullBuildByDefault, CancellationToken cancellationToken) in /tmp/KuduLite/Kudu.Core/Deployment/DeploymentManager.cs:line 771
   at Kudu.Core.Deployment.DeploymentManager.Build(ChangeSet changeSet, ITracer tracer, IDisposable deployStep, IRepository repository, DeploymentInfoBase deploymentInfo, DeploymentAnalytics deploymentAnalytics, Boolean fullBuildByDefault, CancellationToken cancellationToken) in /tmp/KuduLite/Kudu.Core/Deployment/DeploymentManager.cs:line 840" /><!-- duration: 1ms -->
          <step title="Cleaning up temp files" date="2025-08-28T16:30:09.750" /><!-- duration: 1ms -->
          <step title="Cleaning up temp files" date="2025-08-28T16:30:09.752" /><!-- duration: 504ms -->
          <step title="Error occurred" date="2025-08-28T16:30:10.282" type="error" text="npm WARN exec The following package was not found and will be installed: vite@7.1.3
npm WARN EBADENGINE Unsupported engine {
npm WARN EBADENGINE   package: &apos;vite@7.1.3&apos;,
npm WARN EBADENGINE   required: { node: &apos;^20.19.0 || &gt;=22.12.0&apos; },
npm WARN EBADENGINE   current: { node: &apos;v18.17.1&apos;, npm: &apos;9.6.7&apos; }
npm WARN EBADENGINE }
You are using Node.js 18.17.1. Vite requires Node.js version 20.19+ or 22.12+. Please upgrade your Node.js version.
failed to load config from /home/site/wwwroot/vite.config.ts
error during build:
Error: spawn EINVAL
    at ChildProcess.spawn (node:internal/child_process:413:11)
    at Object.spawn (node:child_process:757:9)
    at ensureServiceIsRunning (/home/.npm/_npx/9ed06546b0653f96/node_modules/esbuild/lib/main.js:1978:29)
    at build (/home/.npm/_npx/9ed06546b0653f96/node_modules/esbuild/lib/main.js:1876:26)
    at bundleConfigFile (file:///home/.npm/_npx/9ed06546b0653f96/node_modules/vite/dist/node/chunks/dep-Bj7gA1-0.js:36420:23)
    at async bundleAndLoadConfigFile (file:///home/.npm/_npx/9ed06546b0653f96/node_modules/vite/dist/node/chunks/dep-Bj7gA1-0.js:36408:18)
    at async loadConfigFromFile (file:///home/.npm/_npx/9ed06546b0653f96/node_modules/vite/dist/node/chunks/dep-Bj7gA1-0.js:36376:42)
    at async resolveConfig (file:///home/.npm/_npx/9ed06546b0653f96/node_modules/vite/dist/node/chunks/dep-Bj7gA1-0.js:36022:22)
    at async createBuilder (file:///home/.npm/_npx/9ed06546b0653f96/node_modules/vite/dist/node/chunks/dep-Bj7gA1-0.js:34478:19)
    at async CAC.&lt;anonymous&gt; (file:///home/.npm/_npx/9ed06546b0653f96/node_modules/vite/dist/node/cli.js:648:19)
node:internal/errors:496
    ErrorCaptureStackTrace(err);
    ^

Error [ERR_MODULE_NOT_FOUND]: Cannot find module &apos;/home/site/wwwroot/services/weatherCache.js&apos; imported from /home/site/wwwroot/dist/server.js
    at new NodeError (node:internal/errors:405:5)
    at finalizeResolution (node:internal/modules/esm/resolve:324:11)
    at moduleResolve (node:internal/modules/esm/resolve:943:10)
    at defaultResolve (node:internal/modules/esm/resolve:1129:11)
    at nextResolve (node:internal/modules/esm/loader:163:28)
    at ESMLoader.resolve (node:internal/modules/esm/loader:835:30)
    at ESMLoader.getModuleJob (node:internal/modules/esm/loader:424:18)
    at ModuleWrap.&lt;anonymous&gt; (node:internal/modules/esm/module_job:77:40)
    at link (node:internal/modules/esm/module_job:76:36) {
  code: &apos;ERR_MODULE_NOT_FOUND&apos;
}

Node.js v18.17.1
/opt/Kudu/Scripts/starter.sh bash startup.sh" stackTrace="   at Kudu.Core.Infrastructure.Executable.ExecuteInternal(ITracer tracer, Func`2 onWriteOutput, Func`2 onWriteError, CancellationToken token, Encoding encoding, String arguments, Object[] args) in /tmp/KuduLite/Kudu.Core/Infrastructure/Executable.cs:line 239
   at Kudu.Core.Infrastructure.Executable.ExecuteWithProgressWriter(ILogger logger, ITracer tracer, CancellationToken token, String arguments, Object[] args) in /tmp/KuduLite/Kudu.Core/Infrastructure/Executable.cs:line 118
   at Kudu.Core.Deployment.Generator.ExternalCommandBuilder.RunCommand(DeploymentContext context, String command, Boolean ignoreManifest, CancellationToken token, String message) in /tmp/KuduLite/Kudu.Core/Deployment/Generator/ExternalCommandBuilder.cs:line 122
   at Kudu.Core.Deployment.Generator.CustomBuilder.Build(DeploymentContext context, CancellationToken token) in /tmp/KuduLite/Kudu.Core/Deployment/Generator/CustomBuilder.cs:line 53
--- End of stack trace from previous location ---
   at Kudu.Core.Deployment.DeploymentManager.Build(ChangeSet changeSet, ITracer tracer, IDisposable deployStep, IRepository repository, DeploymentInfoBase deploymentInfo, DeploymentAnalytics deploymentAnalytics, Boolean fullBuildByDefault, CancellationToken cancellationToken) in /tmp/KuduLite/Kudu.Core/Deployment/DeploymentManager.cs:line 771
   at Kudu.Core.Deployment.DeploymentManager.Build(ChangeSet changeSet, ITracer tracer, IDisposable deployStep, IRepository repository, DeploymentInfoBase deploymentInfo, DeploymentAnalytics deploymentAnalytics, Boolean fullBuildByDefault, CancellationToken cancellationToken) in /tmp/KuduLite/Kudu.Core/Deployment/DeploymentManager.cs:line 840
   at Kudu.Core.Deployment.DeploymentManager.DeployAsync(IRepository repository, ChangeSet changeSet, String deployer, Boolean clean, DeploymentInfoBase deploymentInfo, Boolean needFileUpdate, Boolean fullBuildByDefault) in /tmp/KuduLite/Kudu.Core/Deployment/DeploymentManager.cs:line 266" /><!-- duration: 1ms -->
        </step><!-- duration: 10878ms -->
        <step title="Reloading status file with latest updates" date="2025-08-28T16:30:10.309" >
          <step title="WebHooksManager.PublishEventAsync: PostDeployment" date="2025-08-28T16:30:10.310" /><!-- duration: 34ms -->
        </step><!-- duration: 36ms -->
        <step title="Error occurred" date="2025-08-28T16:30:10.347" type="error" text="npm WARN exec The following package was not found and will be installed: vite@7.1.3
npm WARN EBADENGINE Unsupported engine {
npm WARN EBADENGINE   package: &apos;vite@7.1.3&apos;,
npm WARN EBADENGINE   required: { node: &apos;^20.19.0 || &gt;=22.12.0&apos; },
npm WARN EBADENGINE   current: { node: &apos;v18.17.1&apos;, npm: &apos;9.6.7&apos; }
npm WARN EBADENGINE }
You are using Node.js 18.17.1. Vite requires Node.js version 20.19+ or 22.12+. Please upgrade your Node.js version.
failed to load config from /home/site/wwwroot/vite.config.ts
error during build:
Error: spawn EINVAL
    at ChildProcess.spawn (node:internal/child_process:413:11)
    at Object.spawn (node:child_process:757:9)
    at ensureServiceIsRunning (/home/.npm/_npx/9ed06546b0653f96/node_modules/esbuild/lib/main.js:1978:29)
    at build (/home/.npm/_npx/9ed06546b0653f96/node_modules/esbuild/lib/main.js:1876:26)
    at bundleConfigFile (file:///home/.npm/_npx/9ed06546b0653f96/node_modules/vite/dist/node/chunks/dep-Bj7gA1-0.js:36420:23)
    at async bundleAndLoadConfigFile (file:///home/.npm/_npx/9ed06546b0653f96/node_modules/vite/dist/node/chunks/dep-Bj7gA1-0.js:36408:18)
    at async loadConfigFromFile (file:///home/.npm/_npx/9ed06546b0653f96/node_modules/vite/dist/node/chunks/dep-Bj7gA1-0.js:36376:42)
    at async resolveConfig (file:///home/.npm/_npx/9ed06546b0653f96/node_modules/vite/dist/node/chunks/dep-Bj7gA1-0.js:36022:22)
    at async createBuilder (file:///home/.npm/_npx/9ed06546b0653f96/node_modules/vite/dist/node/chunks/dep-Bj7gA1-0.js:34478:19)
    at async CAC.&lt;anonymous&gt; (file:///home/.npm/_npx/9ed06546b0653f96/node_modules/vite/dist/node/cli.js:648:19)
node:internal/errors:496
    ErrorCaptureStackTrace(err);
    ^

Error [ERR_MODULE_NOT_FOUND]: Cannot find module &apos;/home/site/wwwroot/services/weatherCache.js&apos; imported from /home/site/wwwroot/dist/server.js
    at new NodeError (node:internal/errors:405:5)
    at finalizeResolution (node:internal/modules/esm/resolve:324:11)
    at moduleResolve (node:internal/modules/esm/resolve:943:10)
    at defaultResolve (node:internal/modules/esm/resolve:1129:11)
    at nextResolve (node:internal/modules/esm/loader:163:28)
    at ESMLoader.resolve (node:internal/modules/esm/loader:835:30)
    at ESMLoader.getModuleJob (node:internal/modules/esm/loader:424:18)
    at ModuleWrap.&lt;anonymous&gt; (node:internal/modules/esm/module_job:77:40)
    at link (node:internal/modules/esm/module_job:76:36) {
  code: &apos;ERR_MODULE_NOT_FOUND&apos;
}

Node.js v18.17.1
/opt/Kudu/Scripts/starter.sh bash startup.sh" stackTrace="   at Kudu.Core.Infrastructure.Executable.ExecuteInternal(ITracer tracer, Func`2 onWriteOutput, Func`2 onWriteError, CancellationToken token, Encoding encoding, String arguments, Object[] args) in /tmp/KuduLite/Kudu.Core/Infrastructure/Executable.cs:line 239
   at Kudu.Core.Infrastructure.Executable.ExecuteWithProgressWriter(ILogger logger, ITracer tracer, CancellationToken token, String arguments, Object[] args) in /tmp/KuduLite/Kudu.Core/Infrastructure/Executable.cs:line 118
   at Kudu.Core.Deployment.Generator.ExternalCommandBuilder.RunCommand(DeploymentContext context, String command, Boolean ignoreManifest, CancellationToken token, String message) in /tmp/KuduLite/Kudu.Core/Deployment/Generator/ExternalCommandBuilder.cs:line 122
   at Kudu.Core.Deployment.Generator.CustomBuilder.Build(DeploymentContext context, CancellationToken token) in /tmp/KuduLite/Kudu.Core/Deployment/Generator/CustomBuilder.cs:line 53
--- End of stack trace from previous location ---
   at Kudu.Core.Deployment.DeploymentManager.Build(ChangeSet changeSet, ITracer tracer, IDisposable deployStep, IRepository repository, DeploymentInfoBase deploymentInfo, DeploymentAnalytics deploymentAnalytics, Boolean fullBuildByDefault, CancellationToken cancellationToken) in /tmp/KuduLite/Kudu.Core/Deployment/DeploymentManager.cs:line 771
   at Kudu.Core.Deployment.DeploymentManager.Build(ChangeSet changeSet, ITracer tracer, IDisposable deployStep, IRepository repository, DeploymentInfoBase deploymentInfo, DeploymentAnalytics deploymentAnalytics, Boolean fullBuildByDefault, CancellationToken cancellationToken) in /tmp/KuduLite/Kudu.Core/Deployment/DeploymentManager.cs:line 840
   at Kudu.Core.Deployment.DeploymentManager.DeployAsync(IRepository repository, ChangeSet changeSet, String deployer, Boolean clean, DeploymentInfoBase deploymentInfo, Boolean needFileUpdate, Boolean fullBuildByDefault) in /tmp/KuduLite/Kudu.Core/Deployment/DeploymentManager.cs:line 266" /><!-- duration: 1ms -->
        <step title="Marking deployment as failed and cleaning up the temp deployment" date="2025-08-28T16:30:10.376" /><!-- duration: 1ms -->
      </step><!-- duration: 12700ms -->
      <step title="Error occurred" date="2025-08-28T16:30:10.479" type="error" text="One or more errors occurred. (Deployment failed)" stackTrace="   at System.Threading.Tasks.Task.ThrowIfExceptional(Boolean includeTaskCanceledExceptions)
   at System.Threading.Tasks.Task.Wait(Int32 millisecondsTimeout, CancellationToken cancellationToken)
   at System.Threading.Tasks.Task.Wait()
   at Kudu.Core.Deployment.FetchDeploymentManager.&lt;&gt;c__DisplayClass22_1.&lt;PerformBackgroundDeployment&gt;b__3() in /tmp/KuduLite/Kudu.Core/Deployment/FetchDeploymentManager.cs:line 414
   at Kudu.Contracts.Infrastructure.LockExtensions.TryLockOperation(IOperationLock lockObj, Action operation, String operationName, TimeSpan timeout) in /tmp/KuduLite/Kudu.Contracts/Infrastructure/LockExtensions.cs:line 34
   at Kudu.Contracts.Infrastructure.LockExtensions.LockOperation(IOperationLock lockObj, Action operation, String operationName, TimeSpan timeout) in /tmp/KuduLite/Kudu.Contracts/Infrastructure/LockExtensions.cs:line 46
   at Kudu.Core.Deployment.FetchDeploymentManager.&lt;&gt;c__DisplayClass22_0.&lt;PerformBackgroundDeployment&gt;b__1() in /tmp/KuduLite/Kudu.Core/Deployment/FetchDeploymentManager.cs:line 393" innerText="Deployment failed" innerStackTrace="   at Kudu.Core.Deployment.DeploymentManager.DeployAsync(IRepository repository, ChangeSet changeSet, String deployer, Boolean clean, DeploymentInfoBase deploymentInfo, Boolean needFileUpdate, Boolean fullBuildByDefault) in /tmp/KuduLite/Kudu.Core/Deployment/DeploymentManager.cs:line 307
   at Kudu.Core.Deployment.FetchDeploymentManager.PerformDeployment(DeploymentInfoBase deploymentInfo, IDisposable tempDeployment, ChangeSet tempChangeSet, DeployStatusApiResult updateStatusObj) in /tmp/KuduLite/Kudu.Core/Deployment/FetchDeploymentManager.cs:line 230" /><!-- duration: 1ms -->
    </step><!-- duration: 12710ms -->
