<step title="Incoming Request" date="2025-08-28T16:44:06.635" instance="7f1a8d" url="/api/zipdeploy?isAsync=true" method="POST" type="request" pid="820,1,30" Accept="*/*" Host="samdashboardapi.scm.azurewebsites.net" User-Agent="AZURECLI/2.76.0 (MSI)" Accept-Encoding="gzip, deflate" Authorization="Bea..." Cache-Control="no-cache" Content-Type="application/octet-stream" Cookie="ARRAffinity=7f1a8d376a83fdb83d78d08c3afa570b9eb71dbd4ed444b8e2a36ca0d9c4345c; ARRAffinitySameSite=7f1a8d376a83fdb83d78d08c3afa570b9eb71dbd4ed444b8e2a36ca0d9c4345c" Content-Length="10259046" x-ms-client-request-id="327c451f-842e-11f0-973f-fcb0de71a262" x-ms-artifact-checksum="30d27b8a33bce407bf3a0c93fa80821aeb52119a7124a53eb75f6cf053ad35e9" X-ARR-LOG-ID="327c451f-842e-11f0-973f-fcb0de71a262" CLIENT-IP="102.66.125.105:52654" X-SITE-DEPLOYMENT-ID="samdashboardapi" WAS-DEFAULT-HOSTNAME="samdashboardapi.scm.azurewebsites.net" X-Forwarded-Proto="https" X-AppService-Proto="https" X-Forwarded-TlsVersion="1.3" X-WAWS-Unencoded-URL="/api/zipdeploy?isAsync=true" X-Client-IP="102.66.125.105" X-Client-Port="52654" >
  <step title="ZipPushDeploy" date="2025-08-28T16:44:06.639" >
    <step title="ZipDeploy. Extract zip." date="2025-08-28T16:44:06.642" /><!-- duration: 1ms -->
    <step title="Starting PushDeployAsync" date="2025-08-28T16:44:06.645" /><!-- duration: 1ms -->
    <step title="Writing artifact to /tmp/zipdeploy/a248a678-9d81-48f8-899e-b6d64f89b1a2.zip" date="2025-08-28T16:44:06.649" >
      <step title="Writing multipart request body to /tmp/zipdeploy/a248a678-9d81-48f8-899e-b6d64f89b1a2.zip" date="2025-08-28T16:44:06.650" /><!-- duration: 1ms -->
    </step><!-- duration: 375ms -->
    <step title="Start deployment in the background" date="2025-08-28T16:44:07.027" >
      <step title="Acquiring Deployment Lock" date="2025-08-28T16:44:07.031" /><!-- duration: 1ms -->
      <step title="Acquired Deployment Lock" date="2025-08-28T16:44:07.055" /><!-- duration: 1ms -->
    </step><!-- duration: 84ms -->
  </step><!-- duration: 473ms -->
  <step title="Outgoing response" date="2025-08-28T16:44:07.113" type="response" statusCode="202" statusText="Accepted" /><!-- duration: 1ms -->
</step><!-- duration: 480ms -->
