<step title="Incoming Request" date="2025-08-28T16:29:58.792" instance="7f1a8d" url="/api/deployments/latest" method="GET" type="request" pid="820,1,38" Accept="*/*" Host="samdashboardapi.scm.azurewebsites.net" User-Agent="AZURECLI/2.76.0 (MSI)" Accept-Encoding="gzip, deflate" Authorization="Bea..." x-ms-client-request-id="36645cee-842c-11f0-844e-fcb0de71a262" X-ARR-LOG-ID="36645cee-842c-11f0-844e-fcb0de71a262" CLIENT-IP="102.66.125.105:52651" X-SITE-DEPLOYMENT-ID="samdashboardapi" WAS-DEFAULT-HOSTNAME="samdashboardapi.scm.azurewebsites.net" X-Forwarded-Proto="https" X-AppService-Proto="https" X-Forwarded-TlsVersion="1.3" X-WAWS-Unencoded-URL="/api/deployments/latest" X-Client-IP="102.66.125.105" X-Client-Port="52651" >
  <step title="Cleanup Xml Logs" date="2025-08-28T16:29:58.794" >
    <step title="Cleanup Infos" date="2025-08-28T16:29:58.800" totalFiles="277" totalCleanup="117" /><!-- duration: 2ms -->
  </step><!-- duration: 9ms -->
  <step title="DeploymentService.GetResult" date="2025-08-28T16:29:58.806" >
    <step title="DeploymentService.GetLatestDeployment" date="2025-08-28T16:29:58.807" >
      <step title="DeploymentManager.GetResults" date="2025-08-28T16:29:58.809" /><!-- duration: 391ms -->
    </step><!-- duration: 393ms -->
  </step><!-- duration: 396ms -->
  <step title="Outgoing response" date="2025-08-28T16:29:59.203" type="response" statusCode="202" statusText="Accepted" /><!-- duration: 1ms -->
</step><!-- duration: 413ms -->
