<step title="Incoming Request" date="2025-08-28T15:11:46.010" instance="7f1a8d" url="/api/deployments/latest?deployer=OneDeploy&amp;time=2025-08-28_15-11-36Z" method="GET" type="request" pid="822,1,47" Host="samdashboardapi.scm.azurewebsites.net" User-Agent="GITHUBACTIONS_DeployWebAppToAzure_19c9d7508924a527ab10b75d8dbb4827cb35707276962fd3a666e3ae3b53fd43" Authorization="Bea..." Content-Type="application/json; charset=utf-8" Cookie="ARRAffinity=7f1a8d376a83fdb83d78d08c3afa570b9eb71dbd4ed444b8e2a36ca0d9c4345c;Path=/;HttpOnly;Secure;Domain=samdashboardapi.scm.azurewebsites.net; ARRAffinitySameSite=7f1a8d376a83fdb83d78d08c3afa570b9eb71dbd4ed444b8e2a36ca0d9c4345c;Path=/;HttpOnly;SameSite=None;Secure;Domain=samdashboardapi.scm.azurewebsites.net" Content-Length="0" X-ARR-LOG-ID="a9b99f50-53cc-474a-89f0-a27bb9d65936" CLIENT-IP="52.173.237.211:2073" X-SITE-DEPLOYMENT-ID="samdashboardapi" WAS-DEFAULT-HOSTNAME="samdashboardapi.scm.azurewebsites.net" X-Forwarded-Proto="https" X-AppService-Proto="https" X-Forwarded-TlsVersion="1.3" X-WAWS-Unencoded-URL="/api/deployments/latest?deployer=OneDeploy&amp;time=2025-08-28_15-11-36Z" X-Client-IP="52.173.237.211" X-Client-Port="2073" >
  <step title="Cleanup Xml Logs" date="2025-08-28T15:11:46.012" >
    <step title="Cleanup Infos" date="2025-08-28T15:11:46.016" totalFiles="209" totalCleanup="49" /><!-- duration: 11ms -->
  </step><!-- duration: 17ms -->
  <step title="DeploymentService.GetResult" date="2025-08-28T15:11:46.031" >
    <step title="DeploymentService.GetLatestDeployment" date="2025-08-28T15:11:46.032" >
      <step title="DeploymentManager.GetResults" date="2025-08-28T15:11:46.033" /><!-- duration: 317ms -->
    </step><!-- duration: 319ms -->
  </step><!-- duration: 322ms -->
  <step title="Outgoing response" date="2025-08-28T15:11:46.354" type="response" statusCode="202" statusText="Accepted" /><!-- duration: 1ms -->
</step><!-- duration: 346ms -->
