<step title="Incoming Request" date="2025-08-28T16:32:22.344" instance="7f1a8d" url="/api/deployments/latest" method="GET" type="request" pid="820,1,39" Accept="*/*" Host="samdashboardapi.scm.azurewebsites.net" User-Agent="AZURECLI/2.76.0 (MSI)" Accept-Encoding="gzip, deflate" Authorization="Bea..." x-ms-client-request-id="8b09658f-842c-11f0-9ee7-fcb0de71a262" X-ARR-LOG-ID="8b09658f-842c-11f0-9ee7-fcb0de71a262" CLIENT-IP="102.66.125.105:52045" X-SITE-DEPLOYMENT-ID="samdashboardapi" WAS-DEFAULT-HOSTNAME="samdashboardapi.scm.azurewebsites.net" X-Forwarded-Proto="https" X-AppService-Proto="https" X-Forwarded-TlsVersion="1.3" X-WAWS-Unencoded-URL="/api/deployments/latest" X-Client-IP="102.66.125.105" X-Client-Port="52045" >
  <step title="Cleanup Xml Logs" date="2025-08-28T16:32:22.363" >
    <step title="Cleanup Infos" date="2025-08-28T16:32:22.379" totalFiles="283" totalCleanup="123" /><!-- duration: 3ms -->
  </step><!-- duration: 36ms -->
  <step title="DeploymentService.GetResult" date="2025-08-28T16:32:22.403" >
    <step title="DeploymentService.GetLatestDeployment" date="2025-08-28T16:32:22.415" >
      <step title="DeploymentManager.GetResults" date="2025-08-28T16:32:22.416" /><!-- duration: 662ms -->
    </step><!-- duration: 665ms -->
  </step><!-- duration: 678ms -->
  <step title="Outgoing response" date="2025-08-28T16:32:23.083" type="response" statusCode="202" statusText="Accepted" /><!-- duration: 2ms -->
</step><!-- duration: 741ms -->
