<step title="BackgroundTrace" date="2025-08-28T09:43:55.844" instance="cffa60" url="/api/publish" method="POST" >
  <step title="Cleanup Xml Logs" date="2025-08-28T09:43:55.847" /><!-- duration: 6ms -->
  <step title="Creating temporary deployment - FetchDeploymentManager" date="2025-08-28T09:43:55.907" /><!-- duration: 3ms -->
  <step title="Creating temporary deployment" date="2025-08-28T09:43:55.913" /><!-- duration: 60ms -->
  <step title="Performing fetch based deployment" date="2025-08-28T09:43:56.001" >
    <step title="Cleaning up temp folders from previous zip deployments and extracting pushed zip file /tmp/zipdeploy/29688c24-2add-441b-9eaf-1512ac9d28cd.zip (135.44 MB) to /tmp/zipdeploy/extracted" date="2025-08-28T09:43:57.146" >
      <step title="ChmodRecursive Process exited with total time taken in ms: 290" date="2025-08-28T09:44:03.659" /><!-- duration: 3ms -->
    </step><!-- duration: 6520ms -->
    <step title="Deployment timer started" date="2025-08-28T09:44:05.673" >
      <step title="DeploymentManager.Deploy(id:1fe9a11c-1196-4483-b1f4-14b739512537)" date="2025-08-28T09:44:05.677" >
        <step title="Collecting changeset information" date="2025-08-28T09:44:05.689" /><!-- duration: 87ms -->
        <step title="Updating submodules" date="2025-08-28T09:44:05.782" /><!-- duration: 1100ms -->
        <step title="Determining deployment builder" date="2025-08-28T09:44:07.036" >
          <step title="Builder is OneDeployBuilder" date="2025-08-28T09:44:07.050" /><!-- duration: 5ms -->
        </step><!-- duration: 30ms -->
        <step title="PreDeployment: context.CleanOutputPath False" date="2025-08-28T09:44:07.105" >
          <step title="PreDeployment: context.OutputPath /home/site/wwwroot" date="2025-08-28T09:44:07.186" >
            <step title="Building" date="2025-08-28T09:44:07.279" >
              <step title="Executing external process" date="2025-08-28T09:44:07.801" type="process" path="starter.sh" arguments="/opt/Kudu/Scripts/absoluteTar.sh /tmp/zipdeploy/extracted/node_modules /tmp/zipdeploy/extracted/node_modules.tar.gz" /><!-- duration: 11661ms -->
              <step title="Executing external process" date="2025-08-28T09:44:19.661" type="process" path="starter.sh" arguments="/opt/Kudu/Scripts/parallel_rsync.sh /tmp/zipdeploy/extracted /home/site/wwwroot 8 /tmp/ False False node_modules " /><!-- duration: 4158ms -->
              <step title="Modified file to trigger a restart of the app container." date="2025-08-28T09:44:24.452" /><!-- duration: 3ms -->
              <step title="Skip function trigger and logicapp sync because function is not enabled." date="2025-08-28T09:44:24.460" /><!-- duration: 2ms -->
            </step><!-- duration: 17799ms -->
          </step><!-- duration: 17901ms -->
          <step title="Cleaning up temp files" date="2025-08-28T09:44:25.089" /><!-- duration: 4ms -->
          <step title="Cleaning up temp files" date="2025-08-28T09:44:25.095" /><!-- duration: 507ms -->
          <step title="Reloading status file with latest updates" date="2025-08-28T09:44:25.656" >
            <step title="WebHooksManager.PublishEventAsync: PostDeployment" date="2025-08-28T09:44:25.660" /><!-- duration: 27ms -->
          </step><!-- duration: 32ms -->
          <step title="Cleaning up temporary deployment - fetch deployment was successful" date="2025-08-28T09:44:25.693" /><!-- duration: 3ms -->
        </step><!-- duration: 18648ms -->
      </step><!-- duration: 20092ms -->
