<step title="BackgroundTrace" date="2025-08-28T16:39:21.790" instance="7f1a8d" url="/api/zipdeploy" method="POST" >
  <step title="Creating temporary deployment - FetchDeploymentManager" date="2025-08-28T16:39:21.826" /><!-- duration: 1ms -->
  <step title="Creating temporary deployment" date="2025-08-28T16:39:21.828" /><!-- duration: 46ms -->
  <step title="Performing fetch based deployment" date="2025-08-28T16:39:21.891" >
    <step title="Cleaning up temp folders from previous zip deployments and extracting pushed zip file /tmp/zipdeploy/c9db8ae9-e9ca-46ef-9d4d-651032b09da6.zip (9.79 MB) to /tmp/zipdeploy/extracted" date="2025-08-28T16:39:23.006" >
      <step title="ChmodRecursive Process exited with total time taken in ms: 11" date="2025-08-28T16:39:23.172" /><!-- duration: 2ms -->
    </step><!-- duration: 169ms -->
    <step title="Deployment timer started" date="2025-08-28T16:39:25.178" >
      <step title="DeploymentManager.Deploy(id:04b65cd6-1125-4f55-b144-a632e6f0ad68)" date="2025-08-28T16:39:25.180" >
        <step title="Collecting changeset information" date="2025-08-28T16:39:25.195" /><!-- duration: 62ms -->
        <step title="Updating submodules" date="2025-08-28T16:39:25.259" /><!-- duration: 1103ms -->
        <step title="Determining deployment builder" date="2025-08-28T16:39:26.535" >
          <step title="Builder is CustomBuilder" date="2025-08-28T16:39:26.548" /><!-- duration: 1ms -->
        </step><!-- duration: 15ms -->
        <step title="PreDeployment: context.CleanOutputPath False" date="2025-08-28T16:39:27.111" >
          <step title="PreDeployment: context.OutputPath /home/site/wwwroot" date="2025-08-28T16:39:27.195" >
            <step title="Building" date="2025-08-28T16:39:27.318" >
              <step title="Executing external process" date="2025-08-28T16:39:27.560" type="process" path="starter.sh" arguments="bash startup.sh" >
                <step title="Process dump" date="2025-08-28T16:39:28.663" exitCode="1" type="processOutput" /><!-- duration: 1ms -->
              </step><!-- duration: 1106ms -->
              <step title="Error occurred" date="2025-08-28T16:39:28.670" type="error" text="sh: 1: vite: not found
node:internal/errors:496
    ErrorCaptureStackTrace(err);
    ^

Error [ERR_MODULE_NOT_FOUND]: Cannot find module &apos;/home/site/wwwroot/services/weatherCache.js&apos; imported from /home/site/wwwroot/dist/server.js
    at new NodeError (node:internal/errors:405:5)
    at finalizeResolution (node:internal/modules/esm/resolve:324:11)
    at moduleResolve (node:internal/modules/esm/resolve:943:10)
    at defaultResolve (node:internal/modules/esm/resolve:1129:11)
    at nextResolve (node:internal/modules/esm/loader:163:28)
    at ESMLoader.resolve (node:internal/modules/esm/loader:835:30)
    at ESMLoader.getModuleJob (node:internal/modules/esm/loader:424:18)
    at ModuleWrap.&lt;anonymous&gt; (node:internal/modules/esm/module_job:77:40)
    at link (node:internal/modules/esm/module_job:76:36) {
  code: &apos;ERR_MODULE_NOT_FOUND&apos;
}

Node.js v18.17.1
/opt/Kudu/Scripts/starter.sh bash startup.sh" stackTrace="   at Kudu.Core.Infrastructure.Executable.ExecuteInternal(ITracer tracer, Func`2 onWriteOutput, Func`2 onWriteError, CancellationToken token, Encoding encoding, String arguments, Object[] args) in /tmp/KuduLite/Kudu.Core/Infrastructure/Executable.cs:line 239
   at Kudu.Core.Infrastructure.Executable.ExecuteWithProgressWriter(ILogger logger, ITracer tracer, CancellationToken token, String arguments, Object[] args) in /tmp/KuduLite/Kudu.Core/Infrastructure/Executable.cs:line 118
   at Kudu.Core.Deployment.Generator.ExternalCommandBuilder.RunCommand(DeploymentContext context, String command, Boolean ignoreManifest, CancellationToken token, String message) in /tmp/KuduLite/Kudu.Core/Deployment/Generator/ExternalCommandBuilder.cs:line 122" /><!-- duration: 1ms -->
              <step title="Error occurred" date="2025-08-28T16:39:28.673" type="error" text="sh: 1: vite: not found
node:internal/errors:496
    ErrorCaptureStackTrace(err);
    ^

Error [ERR_MODULE_NOT_FOUND]: Cannot find module &apos;/home/site/wwwroot/services/weatherCache.js&apos; imported from /home/site/wwwroot/dist/server.js
    at new NodeError (node:internal/errors:405:5)
    at finalizeResolution (node:internal/modules/esm/resolve:324:11)
    at moduleResolve (node:internal/modules/esm/resolve:943:10)
    at defaultResolve (node:internal/modules/esm/resolve:1129:11)
    at nextResolve (node:internal/modules/esm/loader:163:28)
    at ESMLoader.resolve (node:internal/modules/esm/loader:835:30)
    at ESMLoader.getModuleJob (node:internal/modules/esm/loader:424:18)
    at ModuleWrap.&lt;anonymous&gt; (node:internal/modules/esm/module_job:77:40)
    at link (node:internal/modules/esm/module_job:76:36) {
  code: &apos;ERR_MODULE_NOT_FOUND&apos;
}

Node.js v18.17.1
/opt/Kudu/Scripts/starter.sh bash startup.sh" stackTrace="   at Kudu.Core.Infrastructure.Executable.ExecuteInternal(ITracer tracer, Func`2 onWriteOutput, Func`2 onWriteError, CancellationToken token, Encoding encoding, String arguments, Object[] args) in /tmp/KuduLite/Kudu.Core/Infrastructure/Executable.cs:line 239
   at Kudu.Core.Infrastructure.Executable.ExecuteWithProgressWriter(ILogger logger, ITracer tracer, CancellationToken token, String arguments, Object[] args) in /tmp/KuduLite/Kudu.Core/Infrastructure/Executable.cs:line 118
   at Kudu.Core.Deployment.Generator.ExternalCommandBuilder.RunCommand(DeploymentContext context, String command, Boolean ignoreManifest, CancellationToken token, String message) in /tmp/KuduLite/Kudu.Core/Deployment/Generator/ExternalCommandBuilder.cs:line 122
   at Kudu.Core.Deployment.Generator.CustomBuilder.Build(DeploymentContext context, CancellationToken token) in /tmp/KuduLite/Kudu.Core/Deployment/Generator/CustomBuilder.cs:line 53
--- End of stack trace from previous location ---
   at Kudu.Core.Deployment.DeploymentManager.Build(ChangeSet changeSet, ITracer tracer, IDisposable deployStep, IRepository repository, DeploymentInfoBase deploymentInfo, DeploymentAnalytics deploymentAnalytics, Boolean fullBuildByDefault, CancellationToken cancellationToken) in /tmp/KuduLite/Kudu.Core/Deployment/DeploymentManager.cs:line 771" /><!-- duration: 4ms -->
              <step title="Purge deployment items" date="2025-08-28T16:39:29.097" >
                <step title="Remove 90c74c9b-, Failed, received at 08/28/2025 16:37:16" date="2025-08-28T16:39:29.125" /><!-- duration: 1ms -->
              </step><!-- duration: 30ms -->
            </step><!-- duration: 1810ms -->
          </step><!-- duration: 1935ms -->
          <step title="Error occurred" date="2025-08-28T16:39:29.131" type="error" text="sh: 1: vite: not found
node:internal/errors:496
    ErrorCaptureStackTrace(err);
    ^

Error [ERR_MODULE_NOT_FOUND]: Cannot find module &apos;/home/site/wwwroot/services/weatherCache.js&apos; imported from /home/site/wwwroot/dist/server.js
    at new NodeError (node:internal/errors:405:5)
    at finalizeResolution (node:internal/modules/esm/resolve:324:11)
    at moduleResolve (node:internal/modules/esm/resolve:943:10)
    at defaultResolve (node:internal/modules/esm/resolve:1129:11)
    at nextResolve (node:internal/modules/esm/loader:163:28)
    at ESMLoader.resolve (node:internal/modules/esm/loader:835:30)
    at ESMLoader.getModuleJob (node:internal/modules/esm/loader:424:18)
    at ModuleWrap.&lt;anonymous&gt; (node:internal/modules/esm/module_job:77:40)
    at link (node:internal/modules/esm/module_job:76:36) {
  code: &apos;ERR_MODULE_NOT_FOUND&apos;
}

Node.js v18.17.1
/opt/Kudu/Scripts/starter.sh bash startup.sh" stackTrace="   at Kudu.Core.Infrastructure.Executable.ExecuteInternal(ITracer tracer, Func`2 onWriteOutput, Func`2 onWriteError, CancellationToken token, Encoding encoding, String arguments, Object[] args) in /tmp/KuduLite/Kudu.Core/Infrastructure/Executable.cs:line 239
   at Kudu.Core.Infrastructure.Executable.ExecuteWithProgressWriter(ILogger logger, ITracer tracer, CancellationToken token, String arguments, Object[] args) in /tmp/KuduLite/Kudu.Core/Infrastructure/Executable.cs:line 118
   at Kudu.Core.Deployment.Generator.ExternalCommandBuilder.RunCommand(DeploymentContext context, String command, Boolean ignoreManifest, CancellationToken token, String message) in /tmp/KuduLite/Kudu.Core/Deployment/Generator/ExternalCommandBuilder.cs:line 122
   at Kudu.Core.Deployment.Generator.CustomBuilder.Build(DeploymentContext context, CancellationToken token) in /tmp/KuduLite/Kudu.Core/Deployment/Generator/CustomBuilder.cs:line 53
--- End of stack trace from previous location ---
   at Kudu.Core.Deployment.DeploymentManager.Build(ChangeSet changeSet, ITracer tracer, IDisposable deployStep, IRepository repository, DeploymentInfoBase deploymentInfo, DeploymentAnalytics deploymentAnalytics, Boolean fullBuildByDefault, CancellationToken cancellationToken) in /tmp/KuduLite/Kudu.Core/Deployment/DeploymentManager.cs:line 771
   at Kudu.Core.Deployment.DeploymentManager.Build(ChangeSet changeSet, ITracer tracer, IDisposable deployStep, IRepository repository, DeploymentInfoBase deploymentInfo, DeploymentAnalytics deploymentAnalytics, Boolean fullBuildByDefault, CancellationToken cancellationToken) in /tmp/KuduLite/Kudu.Core/Deployment/DeploymentManager.cs:line 840" /><!-- duration: 1ms -->
          <step title="Cleaning up temp files" date="2025-08-28T16:39:29.168" /><!-- duration: 2ms -->
          <step title="Cleaning up temp files" date="2025-08-28T16:39:29.171" /><!-- duration: 502ms -->
          <step title="Error occurred" date="2025-08-28T16:39:29.704" type="error" text="sh: 1: vite: not found
node:internal/errors:496
    ErrorCaptureStackTrace(err);
    ^

Error [ERR_MODULE_NOT_FOUND]: Cannot find module &apos;/home/site/wwwroot/services/weatherCache.js&apos; imported from /home/site/wwwroot/dist/server.js
    at new NodeError (node:internal/errors:405:5)
    at finalizeResolution (node:internal/modules/esm/resolve:324:11)
    at moduleResolve (node:internal/modules/esm/resolve:943:10)
    at defaultResolve (node:internal/modules/esm/resolve:1129:11)
    at nextResolve (node:internal/modules/esm/loader:163:28)
    at ESMLoader.resolve (node:internal/modules/esm/loader:835:30)
    at ESMLoader.getModuleJob (node:internal/modules/esm/loader:424:18)
    at ModuleWrap.&lt;anonymous&gt; (node:internal/modules/esm/module_job:77:40)
    at link (node:internal/modules/esm/module_job:76:36) {
  code: &apos;ERR_MODULE_NOT_FOUND&apos;
}

Node.js v18.17.1
/opt/Kudu/Scripts/starter.sh bash startup.sh" stackTrace="   at Kudu.Core.Infrastructure.Executable.ExecuteInternal(ITracer tracer, Func`2 onWriteOutput, Func`2 onWriteError, CancellationToken token, Encoding encoding, String arguments, Object[] args) in /tmp/KuduLite/Kudu.Core/Infrastructure/Executable.cs:line 239
   at Kudu.Core.Infrastructure.Executable.ExecuteWithProgressWriter(ILogger logger, ITracer tracer, CancellationToken token, String arguments, Object[] args) in /tmp/KuduLite/Kudu.Core/Infrastructure/Executable.cs:line 118
   at Kudu.Core.Deployment.Generator.ExternalCommandBuilder.RunCommand(DeploymentContext context, String command, Boolean ignoreManifest, CancellationToken token, String message) in /tmp/KuduLite/Kudu.Core/Deployment/Generator/ExternalCommandBuilder.cs:line 122
   at Kudu.Core.Deployment.Generator.CustomBuilder.Build(DeploymentContext context, CancellationToken token) in /tmp/KuduLite/Kudu.Core/Deployment/Generator/CustomBuilder.cs:line 53
--- End of stack trace from previous location ---
   at Kudu.Core.Deployment.DeploymentManager.Build(ChangeSet changeSet, ITracer tracer, IDisposable deployStep, IRepository repository, DeploymentInfoBase deploymentInfo, DeploymentAnalytics deploymentAnalytics, Boolean fullBuildByDefault, CancellationToken cancellationToken) in /tmp/KuduLite/Kudu.Core/Deployment/DeploymentManager.cs:line 771
   at Kudu.Core.Deployment.DeploymentManager.Build(ChangeSet changeSet, ITracer tracer, IDisposable deployStep, IRepository repository, DeploymentInfoBase deploymentInfo, DeploymentAnalytics deploymentAnalytics, Boolean fullBuildByDefault, CancellationToken cancellationToken) in /tmp/KuduLite/Kudu.Core/Deployment/DeploymentManager.cs:line 840
   at Kudu.Core.Deployment.DeploymentManager.DeployAsync(IRepository repository, ChangeSet changeSet, String deployer, Boolean clean, DeploymentInfoBase deploymentInfo, Boolean needFileUpdate, Boolean fullBuildByDefault) in /tmp/KuduLite/Kudu.Core/Deployment/DeploymentManager.cs:line 266" /><!-- duration: 1ms -->
        </step><!-- duration: 2595ms -->
        <step title="Reloading status file with latest updates" date="2025-08-28T16:39:29.730" >
          <step title="WebHooksManager.PublishEventAsync: PostDeployment" date="2025-08-28T16:39:29.731" /><!-- duration: 25ms -->
        </step><!-- duration: 28ms -->
        <step title="Error occurred" date="2025-08-28T16:39:29.761" type="error" text="sh: 1: vite: not found
node:internal/errors:496
    ErrorCaptureStackTrace(err);
    ^

Error [ERR_MODULE_NOT_FOUND]: Cannot find module &apos;/home/site/wwwroot/services/weatherCache.js&apos; imported from /home/site/wwwroot/dist/server.js
    at new NodeError (node:internal/errors:405:5)
    at finalizeResolution (node:internal/modules/esm/resolve:324:11)
    at moduleResolve (node:internal/modules/esm/resolve:943:10)
    at defaultResolve (node:internal/modules/esm/resolve:1129:11)
    at nextResolve (node:internal/modules/esm/loader:163:28)
    at ESMLoader.resolve (node:internal/modules/esm/loader:835:30)
    at ESMLoader.getModuleJob (node:internal/modules/esm/loader:424:18)
    at ModuleWrap.&lt;anonymous&gt; (node:internal/modules/esm/module_job:77:40)
    at link (node:internal/modules/esm/module_job:76:36) {
  code: &apos;ERR_MODULE_NOT_FOUND&apos;
}

Node.js v18.17.1
/opt/Kudu/Scripts/starter.sh bash startup.sh" stackTrace="   at Kudu.Core.Infrastructure.Executable.ExecuteInternal(ITracer tracer, Func`2 onWriteOutput, Func`2 onWriteError, CancellationToken token, Encoding encoding, String arguments, Object[] args) in /tmp/KuduLite/Kudu.Core/Infrastructure/Executable.cs:line 239
   at Kudu.Core.Infrastructure.Executable.ExecuteWithProgressWriter(ILogger logger, ITracer tracer, CancellationToken token, String arguments, Object[] args) in /tmp/KuduLite/Kudu.Core/Infrastructure/Executable.cs:line 118
   at Kudu.Core.Deployment.Generator.ExternalCommandBuilder.RunCommand(DeploymentContext context, String command, Boolean ignoreManifest, CancellationToken token, String message) in /tmp/KuduLite/Kudu.Core/Deployment/Generator/ExternalCommandBuilder.cs:line 122
   at Kudu.Core.Deployment.Generator.CustomBuilder.Build(DeploymentContext context, CancellationToken token) in /tmp/KuduLite/Kudu.Core/Deployment/Generator/CustomBuilder.cs:line 53
--- End of stack trace from previous location ---
   at Kudu.Core.Deployment.DeploymentManager.Build(ChangeSet changeSet, ITracer tracer, IDisposable deployStep, IRepository repository, DeploymentInfoBase deploymentInfo, DeploymentAnalytics deploymentAnalytics, Boolean fullBuildByDefault, CancellationToken cancellationToken) in /tmp/KuduLite/Kudu.Core/Deployment/DeploymentManager.cs:line 771
   at Kudu.Core.Deployment.DeploymentManager.Build(ChangeSet changeSet, ITracer tracer, IDisposable deployStep, IRepository repository, DeploymentInfoBase deploymentInfo, DeploymentAnalytics deploymentAnalytics, Boolean fullBuildByDefault, CancellationToken cancellationToken) in /tmp/KuduLite/Kudu.Core/Deployment/DeploymentManager.cs:line 840
   at Kudu.Core.Deployment.DeploymentManager.DeployAsync(IRepository repository, ChangeSet changeSet, String deployer, Boolean clean, DeploymentInfoBase deploymentInfo, Boolean needFileUpdate, Boolean fullBuildByDefault) in /tmp/KuduLite/Kudu.Core/Deployment/DeploymentManager.cs:line 266" /><!-- duration: 1ms -->
        <step title="Marking deployment as failed and cleaning up the temp deployment" date="2025-08-28T16:39:29.802" /><!-- duration: 1ms -->
      </step><!-- duration: 4702ms -->
      <step title="Error occurred" date="2025-08-28T16:39:29.890" type="error" text="One or more errors occurred. (Deployment failed)" stackTrace="   at System.Threading.Tasks.Task.ThrowIfExceptional(Boolean includeTaskCanceledExceptions)
   at System.Threading.Tasks.Task.Wait(Int32 millisecondsTimeout, CancellationToken cancellationToken)
   at System.Threading.Tasks.Task.Wait()
   at Kudu.Core.Deployment.FetchDeploymentManager.&lt;&gt;c__DisplayClass22_1.&lt;PerformBackgroundDeployment&gt;b__3() in /tmp/KuduLite/Kudu.Core/Deployment/FetchDeploymentManager.cs:line 414
   at Kudu.Contracts.Infrastructure.LockExtensions.TryLockOperation(IOperationLock lockObj, Action operation, String operationName, TimeSpan timeout) in /tmp/KuduLite/Kudu.Contracts/Infrastructure/LockExtensions.cs:line 34
   at Kudu.Contracts.Infrastructure.LockExtensions.LockOperation(IOperationLock lockObj, Action operation, String operationName, TimeSpan timeout) in /tmp/KuduLite/Kudu.Contracts/Infrastructure/LockExtensions.cs:line 46
   at Kudu.Core.Deployment.FetchDeploymentManager.&lt;&gt;c__DisplayClass22_0.&lt;PerformBackgroundDeployment&gt;b__1() in /tmp/KuduLite/Kudu.Core/Deployment/FetchDeploymentManager.cs:line 393" innerText="Deployment failed" innerStackTrace="   at Kudu.Core.Deployment.DeploymentManager.DeployAsync(IRepository repository, ChangeSet changeSet, String deployer, Boolean clean, DeploymentInfoBase deploymentInfo, Boolean needFileUpdate, Boolean fullBuildByDefault) in /tmp/KuduLite/Kudu.Core/Deployment/DeploymentManager.cs:line 307
   at Kudu.Core.Deployment.FetchDeploymentManager.PerformDeployment(DeploymentInfoBase deploymentInfo, IDisposable tempDeployment, ChangeSet tempChangeSet, DeployStatusApiResult updateStatusObj) in /tmp/KuduLite/Kudu.Core/Deployment/FetchDeploymentManager.cs:line 230" /><!-- duration: 1ms -->
    </step><!-- duration: 4714ms -->
