<step title="Incoming Request" date="2025-08-28T12:05:42.124" instance="7f1a8d" url="/api/publish?async=true&amp;deployer=GITHUB_ONE_DEPLOY&amp;type=zip&amp;message=%7B%22type%22%3A%22deployment%22%2C%22sha%22%3A%22875e2b2d2d443035955c457df66758568852a945%22%2C%22repoName%22%3A%22JPRoelofseDevforge%2Fsam2%22%2C%22actor%22%3A%22RustedFrost%22%2C%22slotName%22%3A%22Production%22%2C%22commitMessage%22%3A%22again%22%7D" method="POST" type="request" pid="821,1,57" Host="samdashboardapi.scm.azurewebsites.net" User-Agent="GITHUBACTIONS_DeployWebAppToAzure_19c9d7508924a527ab10b75d8dbb4827cb35707276962fd3a666e3ae3b53fd43" Authorization="Bea..." Content-Type="application/octet-stream" Cookie="ARRAffinity=7f1a8d376a83fdb83d78d08c3afa570b9eb71dbd4ed444b8e2a36ca0d9c4345c;Path=/;HttpOnly;Secure;Domain=samdashboardapi.scm.azurewebsites.net; ARRAffinitySameSite=7f1a8d376a83fdb83d78d08c3afa570b9eb71dbd4ed444b8e2a36ca0d9c4345c;Path=/;HttpOnly;SameSite=None;Secure;Domain=samdashboardapi.scm.azurewebsites.net" Transfer-Encoding="chunked" X-ARR-LOG-ID="5715e614-fa70-4498-b4b7-f5e17d8181da" CLIENT-IP="13.83.162.38:8232" X-SITE-DEPLOYMENT-ID="samdashboardapi" WAS-DEFAULT-HOSTNAME="samdashboardapi.scm.azurewebsites.net" X-Forwarded-Proto="https" X-AppService-Proto="https" X-Forwarded-TlsVersion="1.3" X-WAWS-Unencoded-URL="/api/publish?async=true&amp;deployer=GITHUB_ONE_DEPLOY&amp;type=zip&amp;message=%7B%22type%22%3A%22deployment%22%2C%22sha%22%3A%22875e2b2d2d443035955c457df66758568852a945%22%2C%22repoName%22%3A%22JPRoelofseDevforge%2Fsam2%22%2C%22actor%22%3A%22RustedFrost%22%2C%22slotName%22%3A%22Production%22%2C%22commitMessage%22%3A%22again%22%7D" X-Client-IP="13.83.162.38" X-Client-Port="8232" >
  <step title="Cleanup Xml Logs" date="2025-08-28T12:05:42.126" /><!-- duration: 4ms -->
  <step title="OneDeploy" date="2025-08-28T12:05:42.143" >
    <step title="None repository commit" date="2025-08-28T12:05:42.147" >
      <step title="Commit id: be66e797-6d6d-43a5-a0f2-71639284ab15" date="2025-08-28T12:05:42.149" Message="N/A" AuthorName="N/A" AuthorEmail="N/A" /><!-- duration: 1ms -->
    </step><!-- duration: 3ms -->
    <step title="Starting PushDeployAsync" date="2025-08-28T12:05:42.152" /><!-- duration: 1ms -->
    <step title="Removing node_modules symlink" date="2025-08-28T12:05:42.157" >
      <step title="Removing _del_node_modules symlink" date="2025-08-28T12:05:42.176" >
        <step title="Writing artifact to /tmp/zipdeploy/21c9bb7e-4a57-420e-8706-6a926925fe50.zip" date="2025-08-28T12:05:42.186" >
          <step title="Writing multipart request body to /tmp/zipdeploy/21c9bb7e-4a57-420e-8706-6a926925fe50.zip" date="2025-08-28T12:05:42.187" /><!-- duration: 1ms -->
        </step><!-- duration: 12137ms -->
        <step title="Start deployment in the background" date="2025-08-28T12:05:54.920" >
          <step title="Acquiring Deployment Lock" date="2025-08-28T12:05:54.944" /><!-- duration: 1ms -->
          <step title="Acquired Deployment Lock" date="2025-08-28T12:05:54.962" /><!-- duration: 1ms -->
        </step><!-- duration: 113ms -->
      </step><!-- duration: 12859ms -->
      <step title="Outgoing response" date="2025-08-28T12:05:55.038" type="response" statusCode="202" statusText="Accepted" /><!-- duration: 1ms -->
    </step><!-- duration: 12883ms -->
