<step title="Incoming Request" date="2025-08-28T16:14:46.158" instance="7f1a8d" url="/api/zipdeploy?isAsync=true" method="POST" type="request" pid="820,1,5" Accept="*/*" Host="samdashboardapi.scm.azurewebsites.net" User-Agent="AZURECLI/2.76.0 (MSI)" Accept-Encoding="gzip, deflate" Authorization="Bea..." Cache-Control="no-cache" Content-Type="application/octet-stream" Cookie="ARRAffinity=7f1a8d376a83fdb83d78d08c3afa570b9eb71dbd4ed444b8e2a36ca0d9c4345c; ARRAffinitySameSite=7f1a8d376a83fdb83d78d08c3afa570b9eb71dbd4ed444b8e2a36ca0d9c4345c" Content-Length="10260829" x-ms-client-request-id="163c278f-842a-11f0-aebe-fcb0de71a262" x-ms-artifact-checksum="5282213dd883adfa1cbcfd28021ab9d4d88d0c05164577b9fc9917f7df4e495f" X-ARR-LOG-ID="163c278f-842a-11f0-aebe-fcb0de71a262" CLIENT-IP="102.66.125.105:52661" X-SITE-DEPLOYMENT-ID="samdashboardapi" WAS-DEFAULT-HOSTNAME="samdashboardapi.scm.azurewebsites.net" X-Forwarded-Proto="https" X-AppService-Proto="https" X-Forwarded-TlsVersion="1.3" X-WAWS-Unencoded-URL="/api/zipdeploy?isAsync=true" X-Client-IP="102.66.125.105" X-Client-Port="52661" >
  <step title="ZipPushDeploy" date="2025-08-28T16:14:46.174" >
    <step title="ZipDeploy. Extract zip." date="2025-08-28T16:14:46.176" /><!-- duration: 1ms -->
    <step title="Starting PushDeployAsync" date="2025-08-28T16:14:46.179" /><!-- duration: 1ms -->
    <step title="Removing node_modules symlink" date="2025-08-28T16:14:46.184" >
      <step title="Writing artifact to /tmp/zipdeploy/7753a520-5df4-4578-9f07-26bf735cf1d1.zip" date="2025-08-28T16:14:46.195" >
        <step title="Writing multipart request body to /tmp/zipdeploy/7753a520-5df4-4578-9f07-26bf735cf1d1.zip" date="2025-08-28T16:14:46.196" /><!-- duration: 1ms -->
      </step><!-- duration: 184ms -->
      <step title="Removing previous build artifact&apos;s manifest file" date="2025-08-28T16:14:46.383" >
        <step title="Start deployment in the background" date="2025-08-28T16:14:46.387" >
          <step title="Acquiring Deployment Lock" date="2025-08-28T16:14:46.391" /><!-- duration: 1ms -->
          <step title="Acquired Deployment Lock" date="2025-08-28T16:14:46.425" /><!-- duration: 1ms -->
        </step><!-- duration: 80ms -->
      </step><!-- duration: 90ms -->
      <step title="Outgoing response" date="2025-08-28T16:14:46.475" type="response" statusCode="202" statusText="Accepted" /><!-- duration: 1ms -->
    </step><!-- duration: 293ms -->
