<step title="BackgroundTrace" date="2025-08-28T16:04:50.210" instance="7f1a8d" url="/api/publish" method="POST" >
  <step title="Cleanup Xml Logs" date="2025-08-28T16:04:50.234" >
    <step title="Cleanup Infos" date="2025-08-28T16:04:50.240" totalFiles="225" totalCleanup="65" /><!-- duration: 2ms -->
  </step><!-- duration: 8ms -->
  <step title="Creating temporary deployment - FetchDeploymentManager" date="2025-08-28T16:04:50.268" /><!-- duration: 1ms -->
  <step title="Creating temporary deployment" date="2025-08-28T16:04:50.271" /><!-- duration: 58ms -->
  <step title="Performing fetch based deployment" date="2025-08-28T16:04:50.353" >
    <step title="Cleaning up temp folders from previous zip deployments and extracting pushed zip file /tmp/zipdeploy/02e936ca-8e4d-4b70-a4cf-0defad1ee306.zip (136.26 MB) to /tmp/zipdeploy/extracted" date="2025-08-28T16:04:51.481" >
      <step title="ChmodRecursive Process exited with total time taken in ms: 290" date="2025-08-28T16:05:36.940" /><!-- duration: 3ms -->
    </step><!-- duration: 45464ms -->
    <step title="Deployment timer started" date="2025-08-28T16:05:38.949" >
      <step title="DeploymentManager.Deploy(id:5c192758-313d-4148-95d3-6f54281bd7b1)" date="2025-08-28T16:05:38.951" >
        <step title="Collecting changeset information" date="2025-08-28T16:05:38.957" /><!-- duration: 618ms -->
        <step title="Updating submodules" date="2025-08-28T16:05:39.579" /><!-- duration: 1083ms -->
        <step title="Determining deployment builder" date="2025-08-28T16:05:40.805" >
          <step title="Builder is OneDeployBuilder" date="2025-08-28T16:05:40.810" /><!-- duration: 1ms -->
        </step><!-- duration: 7ms -->
        <step title="PreDeployment: context.CleanOutputPath False" date="2025-08-28T16:05:40.839" >
          <step title="PreDeployment: context.OutputPath /home/site/wwwroot" date="2025-08-28T16:05:40.908" >
            <step title="Building" date="2025-08-28T16:05:40.978" >
              <step title="Executing external process" date="2025-08-28T16:05:41.406" type="process" path="starter.sh" arguments="/opt/Kudu/Scripts/absoluteTar.sh /tmp/zipdeploy/extracted/node_modules /tmp/zipdeploy/extracted/node_modules.tar.gz" /><!-- duration: 11462ms -->
              <step title="Executing external process" date="2025-08-28T16:05:53.025" type="process" path="starter.sh" arguments="/opt/Kudu/Scripts/parallel_rsync.sh /tmp/zipdeploy/extracted /home/site/wwwroot 8 /tmp/ False False node_modules " /><!-- duration: 7592ms -->
              <step title="Modified file to trigger a restart of the app container." date="2025-08-28T16:06:01.136" /><!-- duration: 1ms -->
              <step title="Skip function trigger and logicapp sync because function is not enabled." date="2025-08-28T16:06:01.139" /><!-- duration: 1ms -->
              <step title="Purge deployment items" date="2025-08-28T16:06:01.965" >
                <step title="Remove f2dfd94f-, Success, received at 08/28/2025 12:22:30" date="2025-08-28T16:06:01.999" /><!-- duration: 1ms -->
              </step><!-- duration: 36ms -->
            </step><!-- duration: 21078ms -->
          </step><!-- duration: 21152ms -->
          <step title="Cleaning up temp files" date="2025-08-28T16:06:02.062" /><!-- duration: 2ms -->
          <step title="Cleaning up temp files" date="2025-08-28T16:06:02.067" /><!-- duration: 503ms -->
          <step title="Reloading status file with latest updates" date="2025-08-28T16:06:02.594" >
            <step title="WebHooksManager.PublishEventAsync: PostDeployment" date="2025-08-28T16:06:02.597" /><!-- duration: 25ms -->
          </step><!-- duration: 41ms -->
          <step title="Cleaning up temporary deployment - fetch deployment was successful" date="2025-08-28T16:06:02.637" /><!-- duration: 1ms -->
        </step><!-- duration: 21853ms -->
      </step><!-- duration: 23748ms -->
