<step title="Incoming Request" date="2025-08-28T16:17:05.973" instance="7f1a8d" url="/api/deployments/latest" method="GET" type="request" pid="820,1,25" Accept="*/*" Host="samdashboardapi.scm.azurewebsites.net" User-Agent="AZURECLI/2.76.0 (MSI)" Accept-Encoding="gzip, deflate" Authorization="Bea..." x-ms-client-request-id="67091bec-842a-11f0-a589-fcb0de71a262" X-ARR-LOG-ID="67091bec-842a-11f0-a589-fcb0de71a262" CLIENT-IP="102.66.125.105:52645" X-SITE-DEPLOYMENT-ID="samdashboardapi" WAS-DEFAULT-HOSTNAME="samdashboardapi.scm.azurewebsites.net" X-Forwarded-Proto="https" X-AppService-Proto="https" X-Forwarded-TlsVersion="1.3" X-WAWS-Unencoded-URL="/api/deployments/latest" X-Client-IP="102.66.125.105" X-Client-Port="52645" >
  <step title="Cleanup Xml Logs" date="2025-08-28T16:17:05.974" >
    <step title="Cleanup Infos" date="2025-08-28T16:17:05.979" totalFiles="243" totalCleanup="83" /><!-- duration: 2ms -->
  </step><!-- duration: 7ms -->
  <step title="DeploymentService.GetResult" date="2025-08-28T16:17:05.984" >
    <step title="DeploymentService.GetLatestDeployment" date="2025-08-28T16:17:05.985" >
      <step title="DeploymentManager.GetResults" date="2025-08-28T16:17:05.986" /><!-- duration: 388ms -->
    </step><!-- duration: 391ms -->
  </step><!-- duration: 393ms -->
  <step title="Outgoing response" date="2025-08-28T16:17:06.378" type="response" statusCode="202" statusText="Accepted" /><!-- duration: 1ms -->
</step><!-- duration: 408ms -->
