<step title="Incoming Request" date="2025-08-28T16:55:09.869" instance="7f1a8d" url="/api/deployments/latest" method="GET" type="request" pid="820,1,34" Accept="*/*" Host="samdashboardapi.scm.azurewebsites.net" User-Agent="AZURECLI/2.76.0 (MSI)" Accept-Encoding="gzip, deflate" Authorization="Bea..." x-ms-client-request-id="b768161e-842f-11f0-8e63-fcb0de71a262" X-ARR-LOG-ID="b768161e-842f-11f0-8e63-fcb0de71a262" CLIENT-IP="102.66.125.105:52659" X-SITE-DEPLOYMENT-ID="samdashboardapi" WAS-DEFAULT-HOSTNAME="samdashboardapi.scm.azurewebsites.net" X-Forwarded-Proto="https" X-AppService-Proto="https" X-Forwarded-TlsVersion="1.3" X-WAWS-Unencoded-URL="/api/deployments/latest" X-Client-IP="102.66.125.105" X-Client-Port="52659" >
  <step title="Cleanup Xml Logs" date="2025-08-28T16:55:09.871" >
    <step title="Cleanup Infos" date="2025-08-28T16:55:09.876" totalFiles="321" totalCleanup="161" /><!-- duration: 2ms -->
  </step><!-- duration: 8ms -->
  <step title="DeploymentService.GetResult" date="2025-08-28T16:55:09.882" >
    <step title="DeploymentService.GetLatestDeployment" date="2025-08-28T16:55:09.883" >
      <step title="DeploymentManager.GetResults" date="2025-08-28T16:55:09.885" /><!-- duration: 453ms -->
    </step><!-- duration: 457ms -->
  </step><!-- duration: 459ms -->
  <step title="Outgoing response" date="2025-08-28T16:55:10.342" type="response" statusCode="202" statusText="Accepted" /><!-- duration: 1ms -->
</step><!-- duration: 476ms -->
