<step title="Incoming Request" date="2025-08-28T16:29:53.766" instance="7f1a8d" url="/api/zipdeploy?isAsync=true" method="POST" type="request" pid="820,1,39" Accept="*/*" Host="samdashboardapi.scm.azurewebsites.net" User-Agent="AZURECLI/2.76.0 (MSI)" Accept-Encoding="gzip, deflate" Authorization="Bea..." Cache-Control="no-cache" Content-Type="application/octet-stream" Cookie="ARRAffinity=7f1a8d376a83fdb83d78d08c3afa570b9eb71dbd4ed444b8e2a36ca0d9c4345c; ARRAffinitySameSite=7f1a8d376a83fdb83d78d08c3afa570b9eb71dbd4ed444b8e2a36ca0d9c4345c" Content-Length="10260243" x-ms-client-request-id="36645cee-842c-11f0-844e-fcb0de71a262" x-ms-artifact-checksum="22e5f900c12ffc4d42a4bd648a46b3226748a33736f73dadb3319c398ffe6116" X-ARR-LOG-ID="36645cee-842c-11f0-844e-fcb0de71a262" CLIENT-IP="102.66.125.105:52654" X-SITE-DEPLOYMENT-ID="samdashboardapi" WAS-DEFAULT-HOSTNAME="samdashboardapi.scm.azurewebsites.net" X-Forwarded-Proto="https" X-AppService-Proto="https" X-Forwarded-TlsVersion="1.3" X-WAWS-Unencoded-URL="/api/zipdeploy?isAsync=true" X-Client-IP="102.66.125.105" X-Client-Port="52654" >
  <step title="ZipPushDeploy" date="2025-08-28T16:29:53.768" >
    <step title="ZipDeploy. Extract zip." date="2025-08-28T16:29:53.774" /><!-- duration: 1ms -->
    <step title="Starting PushDeployAsync" date="2025-08-28T16:29:53.778" /><!-- duration: 1ms -->
    <step title="Writing artifact to /tmp/zipdeploy/25bd6d83-c536-4dd4-8d76-882ce27a6b30.zip" date="2025-08-28T16:29:53.784" >
      <step title="Writing multipart request body to /tmp/zipdeploy/25bd6d83-c536-4dd4-8d76-882ce27a6b30.zip" date="2025-08-28T16:29:53.786" /><!-- duration: 2ms -->
    </step><!-- duration: 447ms -->
    <step title="Start deployment in the background" date="2025-08-28T16:29:54.235" >
      <step title="Acquiring Deployment Lock" date="2025-08-28T16:29:54.240" /><!-- duration: 2ms -->
      <step title="Acquired Deployment Lock" date="2025-08-28T16:29:54.262" /><!-- duration: 2ms -->
    </step><!-- duration: 71ms -->
  </step><!-- duration: 538ms -->
  <step title="Outgoing response" date="2025-08-28T16:29:54.308" type="response" statusCode="202" statusText="Accepted" /><!-- duration: 1ms -->
</step><!-- duration: 545ms -->
