<step title="Incoming Request" date="2025-08-28T16:05:25.443" instance="7f1a8d" url="/api/deployments/latest?deployer=OneDeploy&amp;time=2025-08-28_16-04-50Z" method="GET" type="request" pid="820,1,22" Host="samdashboardapi.scm.azurewebsites.net" User-Agent="GITHUBACTIONS_DeployWebAppToAzure_19c9d7508924a527ab10b75d8dbb4827cb35707276962fd3a666e3ae3b53fd43" Authorization="Bea..." Content-Type="application/json; charset=utf-8" Cookie="ARRAffinity=7f1a8d376a83fdb83d78d08c3afa570b9eb71dbd4ed444b8e2a36ca0d9c4345c;Path=/;HttpOnly;Secure;Domain=samdashboardapi.scm.azurewebsites.net; ARRAffinitySameSite=7f1a8d376a83fdb83d78d08c3afa570b9eb71dbd4ed444b8e2a36ca0d9c4345c;Path=/;HttpOnly;SameSite=None;Secure;Domain=samdashboardapi.scm.azurewebsites.net" Content-Length="0" X-ARR-LOG-ID="fc9171a8-8daa-42d0-b541-6e679274c5ab" CLIENT-IP="48.214.53.182:28673" X-SITE-DEPLOYMENT-ID="samdashboardapi" WAS-DEFAULT-HOSTNAME="samdashboardapi.scm.azurewebsites.net" X-Forwarded-Proto="https" X-AppService-Proto="https" X-Forwarded-TlsVersion="1.3" X-WAWS-Unencoded-URL="/api/deployments/latest?deployer=OneDeploy&amp;time=2025-08-28_16-04-50Z" X-Client-IP="48.214.53.182" X-Client-Port="28673" >
  <step title="Cleanup Xml Logs" date="2025-08-28T16:05:26.263" >
    <step title="Cleanup Infos" date="2025-08-28T16:05:26.268" totalFiles="231" totalCleanup="71" /><!-- duration: 1ms -->
  </step><!-- duration: 7ms -->
  <step title="DeploymentService.GetResult" date="2025-08-28T16:05:26.274" >
    <step title="DeploymentService.GetLatestDeployment" date="2025-08-28T16:05:26.275" >
      <step title="DeploymentManager.GetResults" date="2025-08-28T16:05:26.276" /><!-- duration: 351ms -->
    </step><!-- duration: 355ms -->
  </step><!-- duration: 358ms -->
  <step title="Outgoing response" date="2025-08-28T16:05:26.633" type="response" statusCode="202" statusText="Accepted" /><!-- duration: 1ms -->
</step><!-- duration: 1192ms -->
