<step title="Incoming Request" date="2025-08-28T16:39:26.482" instance="7f1a8d" url="/api/deployments/latest" method="GET" type="request" pid="820,1,28" Accept="*/*" Host="samdashboardapi.scm.azurewebsites.net" User-Agent="AZURECLI/2.76.0 (MSI)" Accept-Encoding="gzip, deflate" Authorization="Bea..." x-ms-client-request-id="872125d9-842d-11f0-a269-fcb0de71a262" X-ARR-LOG-ID="872125d9-842d-11f0-a269-fcb0de71a262" CLIENT-IP="102.66.125.105:52664" X-SITE-DEPLOYMENT-ID="samdashboardapi" WAS-DEFAULT-HOSTNAME="samdashboardapi.scm.azurewebsites.net" X-Forwarded-Proto="https" X-AppService-Proto="https" X-Forwarded-TlsVersion="1.3" X-WAWS-Unencoded-URL="/api/deployments/latest" X-Client-IP="102.66.125.105" X-Client-Port="52664" >
  <step title="Cleanup Xml Logs" date="2025-08-28T16:39:26.513" >
    <step title="Cleanup Infos" date="2025-08-28T16:39:26.519" totalFiles="297" totalCleanup="137" /><!-- duration: 5ms -->
  </step><!-- duration: 12ms -->
  <step title="DeploymentService.GetResult" date="2025-08-28T16:39:26.528" >
    <step title="DeploymentService.GetLatestDeployment" date="2025-08-28T16:39:26.530" >
      <step title="DeploymentManager.GetResults" date="2025-08-28T16:39:26.531" /><!-- duration: 361ms -->
    </step><!-- duration: 364ms -->
  </step><!-- duration: 367ms -->
  <step title="Outgoing response" date="2025-08-28T16:39:26.896" type="response" statusCode="202" statusText="Accepted" /><!-- duration: 2ms -->
</step><!-- duration: 418ms -->
