<step title="Incoming Request" date="2025-08-28T15:11:25.620" instance="7f1a8d" url="/api/publish?async=true&amp;deployer=GITHUB_ONE_DEPLOY&amp;type=zip&amp;message=%7B%22type%22%3A%22deployment%22%2C%22sha%22%3A%22c931876e11842b13544fc24286fd0479010e8248%22%2C%22repoName%22%3A%22JPRoelofseDevforge%2Fsam2%22%2C%22actor%22%3A%22RustedFrost%22%2C%22slotName%22%3A%22Production%22%2C%22commitMessage%22%3A%22startup%20issues%22%7D" method="POST" type="request" pid="822,1,31" Host="samdashboardapi.scm.azurewebsites.net" User-Agent="GITHUBACTIONS_DeployWebAppToAzure_19c9d7508924a527ab10b75d8dbb4827cb35707276962fd3a666e3ae3b53fd43" Authorization="Bea..." Content-Type="application/octet-stream" Cookie="ARRAffinity=7f1a8d376a83fdb83d78d08c3afa570b9eb71dbd4ed444b8e2a36ca0d9c4345c;Path=/;HttpOnly;Secure;Domain=samdashboardapi.scm.azurewebsites.net; ARRAffinitySameSite=7f1a8d376a83fdb83d78d08c3afa570b9eb71dbd4ed444b8e2a36ca0d9c4345c;Path=/;HttpOnly;SameSite=None;Secure;Domain=samdashboardapi.scm.azurewebsites.net" Transfer-Encoding="chunked" X-ARR-LOG-ID="61cedd80-b747-4495-8065-3acccb28229d" CLIENT-IP="52.173.237.211:2072" X-SITE-DEPLOYMENT-ID="samdashboardapi" WAS-DEFAULT-HOSTNAME="samdashboardapi.scm.azurewebsites.net" X-Forwarded-Proto="https" X-AppService-Proto="https" X-Forwarded-TlsVersion="1.3" X-WAWS-Unencoded-URL="/api/publish?async=true&amp;deployer=GITHUB_ONE_DEPLOY&amp;type=zip&amp;message=%7B%22type%22%3A%22deployment%22%2C%22sha%22%3A%22c931876e11842b13544fc24286fd0479010e8248%22%2C%22repoName%22%3A%22JPRoelofseDevforge%2Fsam2%22%2C%22actor%22%3A%22RustedFrost%22%2C%22slotName%22%3A%22Production%22%2C%22commitMessage%22%3A%22startup%20issues%22%7D" X-Client-IP="52.173.237.211" X-Client-Port="2072" >
  <step title="Cleanup Xml Logs" date="2025-08-28T15:11:25.632" >
    <step title="Cleanup Infos" date="2025-08-28T15:11:25.636" totalFiles="206" totalCleanup="46" /><!-- duration: 1ms -->
  </step><!-- duration: 7ms -->
  <step title="OneDeploy" date="2025-08-28T15:11:25.642" >
    <step title="Starting PushDeployAsync" date="2025-08-28T15:11:25.645" /><!-- duration: 1ms -->
    <step title="Removing node_modules symlink" date="2025-08-28T15:11:25.649" >
      <step title="Removing _del_node_modules symlink" date="2025-08-28T15:11:25.661" >
        <step title="Writing artifact to /tmp/zipdeploy/a4cb57ba-5579-4928-9530-259f7f7ff931.zip" date="2025-08-28T15:11:25.671" >
          <step title="Writing multipart request body to /tmp/zipdeploy/a4cb57ba-5579-4928-9530-259f7f7ff931.zip" date="2025-08-28T15:11:25.672" /><!-- duration: 1ms -->
        </step><!-- duration: 10651ms -->
        <step title="Start deployment in the background" date="2025-08-28T15:11:36.327" >
          <step title="Acquiring Deployment Lock" date="2025-08-28T15:11:36.345" /><!-- duration: 1ms -->
          <step title="Acquired Deployment Lock" date="2025-08-28T15:11:36.376" /><!-- duration: 1ms -->
        </step><!-- duration: 135ms -->
      </step><!-- duration: 10802ms -->
      <step title="Outgoing response" date="2025-08-28T15:11:36.464" type="response" statusCode="202" statusText="Accepted" /><!-- duration: 1ms -->
    </step><!-- duration: 10817ms -->
