<step title="Incoming Request" date="2025-08-28T14:45:43.627" instance="7f1a8d" url="/api/deployments/latest?deployer=OneDeploy&amp;time=2025-08-28_14-44-51Z" method="GET" type="request" pid="822,1,25" Host="samdashboardapi.scm.azurewebsites.net" User-Agent="GITHUBACTIONS_DeployWebAppToAzure_19c9d7508924a527ab10b75d8dbb4827cb35707276962fd3a666e3ae3b53fd43" Authorization="Bea..." Content-Type="application/json; charset=utf-8" Cookie="ARRAffinity=7f1a8d376a83fdb83d78d08c3afa570b9eb71dbd4ed444b8e2a36ca0d9c4345c;Path=/;HttpOnly;Secure;Domain=samdashboardapi.scm.azurewebsites.net; ARRAffinitySameSite=7f1a8d376a83fdb83d78d08c3afa570b9eb71dbd4ed444b8e2a36ca0d9c4345c;Path=/;HttpOnly;SameSite=None;Secure;Domain=samdashboardapi.scm.azurewebsites.net" Content-Length="0" X-ARR-LOG-ID="90c4084a-6fa3-447c-8186-5e451055011a" CLIENT-IP="20.109.38.225:28680" X-SITE-DEPLOYMENT-ID="samdashboardapi" WAS-DEFAULT-HOSTNAME="samdashboardapi.scm.azurewebsites.net" X-Forwarded-Proto="https" X-AppService-Proto="https" X-Forwarded-TlsVersion="1.3" X-WAWS-Unencoded-URL="/api/deployments/latest?deployer=OneDeploy&amp;time=2025-08-28_14-44-51Z" X-Client-IP="20.109.38.225" X-Client-Port="28680" >
  <step title="Cleanup Xml Logs" date="2025-08-28T14:45:43.793" >
    <step title="Cleanup Infos" date="2025-08-28T14:45:43.798" totalFiles="202" totalCleanup="42" /><!-- duration: 3ms -->
  </step><!-- duration: 9ms -->
  <step title="DeploymentService.GetResult" date="2025-08-28T14:45:43.805" >
    <step title="DeploymentService.GetLatestDeployment" date="2025-08-28T14:45:43.807" >
      <step title="DeploymentManager.GetResults" date="2025-08-28T14:45:43.808" /><!-- duration: 449ms -->
    </step><!-- duration: 451ms -->
  </step><!-- duration: 454ms -->
  <step title="Outgoing response" date="2025-08-28T14:45:44.262" type="response" statusCode="202" statusText="Accepted" /><!-- duration: 1ms -->
</step><!-- duration: 637ms -->
