<step title="Incoming Request" date="2025-08-28T16:37:12.598" instance="7f1a8d" url="/api/zipdeploy?isAsync=true" method="POST" type="request" pid="820,1,27" Accept="*/*" Host="samdashboardapi.scm.azurewebsites.net" User-Agent="AZURECLI/2.76.0 (MSI)" Accept-Encoding="gzip, deflate" Authorization="Bea..." Cache-Control="no-cache" Content-Type="application/octet-stream" Cookie="ARRAffinity=7f1a8d376a83fdb83d78d08c3afa570b9eb71dbd4ed444b8e2a36ca0d9c4345c; ARRAffinitySameSite=7f1a8d376a83fdb83d78d08c3afa570b9eb71dbd4ed444b8e2a36ca0d9c4345c" Content-Length="10260356" x-ms-client-request-id="3a40c099-842d-11f0-a699-fcb0de71a262" x-ms-artifact-checksum="1cbc5c642880cdd3a7cdc369d68b7d7cb5a41224dd4646ab420f634d24892c70" X-ARR-LOG-ID="3a40c099-842d-11f0-a699-fcb0de71a262" CLIENT-IP="102.66.125.105:52620" X-SITE-DEPLOYMENT-ID="samdashboardapi" WAS-DEFAULT-HOSTNAME="samdashboardapi.scm.azurewebsites.net" X-Forwarded-Proto="https" X-AppService-Proto="https" X-Forwarded-TlsVersion="1.3" X-WAWS-Unencoded-URL="/api/zipdeploy?isAsync=true" X-Client-IP="102.66.125.105" X-Client-Port="52620" >
  <step title="ZipPushDeploy" date="2025-08-28T16:37:12.607" >
    <step title="ZipDeploy. Extract zip." date="2025-08-28T16:37:12.614" /><!-- duration: 2ms -->
    <step title="Starting PushDeployAsync" date="2025-08-28T16:37:12.619" /><!-- duration: 1ms -->
    <step title="Writing artifact to /tmp/zipdeploy/f4efc186-5a0c-45e9-82a4-bd42a8d51930.zip" date="2025-08-28T16:37:12.627" >
      <step title="Writing multipart request body to /tmp/zipdeploy/f4efc186-5a0c-45e9-82a4-bd42a8d51930.zip" date="2025-08-28T16:37:12.628" /><!-- duration: 3ms -->
    </step><!-- duration: 316ms -->
    <step title="Start deployment in the background" date="2025-08-28T16:37:12.948" >
      <step title="Acquiring Deployment Lock" date="2025-08-28T16:37:12.961" /><!-- duration: 1ms -->
      <step title="Acquired Deployment Lock" date="2025-08-28T16:37:13.005" /><!-- duration: 1ms -->
    </step><!-- duration: 117ms -->
  </step><!-- duration: 459ms -->
  <step title="Outgoing response" date="2025-08-28T16:37:13.068" type="response" statusCode="202" statusText="Accepted" /><!-- duration: 1ms -->
</step><!-- duration: 472ms -->
