<step title="Incoming Request" date="2025-08-28T08:59:06.109" instance="cffa60" url="/api/publish?async=true&amp;deployer=GITHUB_ONE_DEPLOY&amp;type=zip&amp;message=%7B%22type%22%3A%22deployment%22%2C%22sha%22%3A%22bfd86acca6adad9ac91a5fbf802596b277ed8561%22%2C%22repoName%22%3A%22JPRoelofseDevforge%2Fsam2%22%2C%22actor%22%3A%22JPRoelofseDevforge%22%2C%22slotName%22%3A%22Production%22%2C%22commitMessage%22%3A%22New%20files%22%7D" method="POST" type="request" pid="820,1,15" Host="samdashboardapi.scm.azurewebsites.net" User-Agent="GITHUBACTIONS_DeployWebAppToAzure_19c9d7508924a527ab10b75d8dbb4827cb35707276962fd3a666e3ae3b53fd43" Authorization="Bea..." Content-Type="application/octet-stream" Cookie="ARRAffinity=cffa603b527b73222a88daf0b604414660554e5ab36fe7957082eb16607b0ed4;Path=/;HttpOnly;Secure;Domain=samdashboardapi.scm.azurewebsites.net; ARRAffinitySameSite=cffa603b527b73222a88daf0b604414660554e5ab36fe7957082eb16607b0ed4;Path=/;HttpOnly;SameSite=None;Secure;Domain=samdashboardapi.scm.azurewebsites.net" Transfer-Encoding="chunked" X-ARR-LOG-ID="03058ccf-ea12-4278-a824-b061f1abecda" CLIENT-IP="13.83.161.24:3136" X-SITE-DEPLOYMENT-ID="samdashboardapi" WAS-DEFAULT-HOSTNAME="samdashboardapi.scm.azurewebsites.net" X-Forwarded-Proto="https" X-AppService-Proto="https" X-Forwarded-TlsVersion="1.3" X-WAWS-Unencoded-URL="/api/publish?async=true&amp;deployer=GITHUB_ONE_DEPLOY&amp;type=zip&amp;message=%7B%22type%22%3A%22deployment%22%2C%22sha%22%3A%22bfd86acca6adad9ac91a5fbf802596b277ed8561%22%2C%22repoName%22%3A%22JPRoelofseDevforge%2Fsam2%22%2C%22actor%22%3A%22JPRoelofseDevforge%22%2C%22slotName%22%3A%22Production%22%2C%22commitMessage%22%3A%22New%20files%22%7D" X-Client-IP="13.83.161.24" X-Client-Port="3136" >
  <step title="Cleanup Xml Logs" date="2025-08-28T08:59:06.112" /><!-- duration: 9ms -->
  <step title="OneDeploy" date="2025-08-28T08:59:06.154" >
    <step title="None repository commit" date="2025-08-28T08:59:06.168" >
      <step title="Commit id: 4146758b-2c1b-4c1c-83b5-89c496695ebc" date="2025-08-28T08:59:06.171" Message="N/A" AuthorName="N/A" AuthorEmail="N/A" /><!-- duration: 3ms -->
    </step><!-- duration: 8ms -->
    <step title="Starting PushDeployAsync" date="2025-08-28T08:59:06.179" /><!-- duration: 3ms -->
    <step title="Removing node_modules symlink" date="2025-08-28T08:59:06.193" >
      <step title="Removing _del_node_modules symlink" date="2025-08-28T08:59:06.217" >
        <step title="Writing artifact to /tmp/zipdeploy/612989bc-1bdd-462c-a0b6-583801a5b1b7.zip" date="2025-08-28T08:59:06.227" >
          <step title="Writing multipart request body to /tmp/zipdeploy/612989bc-1bdd-462c-a0b6-583801a5b1b7.zip" date="2025-08-28T08:59:06.231" /><!-- duration: 3ms -->
        </step><!-- duration: 12205ms -->
        <step title="Start deployment in the background" date="2025-08-28T08:59:18.775" >
          <step title="Acquiring Deployment Lock" date="2025-08-28T08:59:18.805" /><!-- duration: 3ms -->
          <step title="Acquired Deployment Lock" date="2025-08-28T08:59:18.860" /><!-- duration: 3ms -->
        </step><!-- duration: 176ms -->
      </step><!-- duration: 12739ms -->
      <step title="Outgoing response" date="2025-08-28T08:59:18.962" type="response" statusCode="202" statusText="Accepted" /><!-- duration: 3ms -->
    </step><!-- duration: 12775ms -->
