<step title="BackgroundTrace" date="2025-08-28T12:32:48.524" instance="7f1a8d" url="/api/publish" method="POST" >
  <step title="Cleanup Xml Logs" date="2025-08-28T12:32:48.525" /><!-- duration: 4ms -->
  <step title="Creating temporary deployment - FetchDeploymentManager" date="2025-08-28T12:32:48.564" /><!-- duration: 1ms -->
  <step title="Creating temporary deployment" date="2025-08-28T12:32:48.567" /><!-- duration: 31ms -->
  <step title="Performing fetch based deployment" date="2025-08-28T12:32:48.613" >
    <step title="Cleaning up temp folders from previous zip deployments and extracting pushed zip file /tmp/zipdeploy/e33a5a96-a65a-4198-b05f-bb32aeb81399.zip (135.44 MB) to /tmp/zipdeploy/extracted" date="2025-08-28T12:32:49.758" >
      <step title="ChmodRecursive Process exited with total time taken in ms: 301" date="2025-08-28T12:33:34.686" /><!-- duration: 2ms -->
    </step><!-- duration: 44931ms -->
    <step title="Deployment timer started" date="2025-08-28T12:33:36.695" >
      <step title="DeploymentManager.Deploy(id:b9c38b2b-7e6b-42e1-b67a-888f71718932)" date="2025-08-28T12:33:36.698" >
        <step title="Collecting changeset information" date="2025-08-28T12:33:36.704" /><!-- duration: 133ms -->
        <step title="Updating submodules" date="2025-08-28T12:33:36.839" /><!-- duration: 1338ms -->
        <step title="Determining deployment builder" date="2025-08-28T12:33:38.402" >
          <step title="Builder is OneDeployBuilder" date="2025-08-28T12:33:38.407" /><!-- duration: 1ms -->
        </step><!-- duration: 8ms -->
        <step title="PreDeployment: context.CleanOutputPath False" date="2025-08-28T12:33:38.435" >
          <step title="PreDeployment: context.OutputPath /home/site/wwwroot" date="2025-08-28T12:33:38.520" >
            <step title="Building" date="2025-08-28T12:33:38.597" >
              <step title="Executing external process" date="2025-08-28T12:33:39.052" type="process" path="starter.sh" arguments="/opt/Kudu/Scripts/absoluteTar.sh /tmp/zipdeploy/extracted/node_modules /tmp/zipdeploy/extracted/node_modules.tar.gz" /><!-- duration: 11538ms -->
              <step title="Executing external process" date="2025-08-28T12:33:50.797" type="process" path="starter.sh" arguments="/opt/Kudu/Scripts/parallel_rsync.sh /tmp/zipdeploy/extracted /home/site/wwwroot 8 /tmp/ False False node_modules " /><!-- duration: 3760ms -->
              <step title="Modified file to trigger a restart of the app container." date="2025-08-28T12:33:55.118" /><!-- duration: 2ms -->
              <step title="Skip function trigger and logicapp sync because function is not enabled." date="2025-08-28T12:33:55.123" /><!-- duration: 2ms -->
            </step><!-- duration: 17154ms -->
          </step><!-- duration: 17236ms -->
          <step title="Cleaning up temp files" date="2025-08-28T12:33:55.757" /><!-- duration: 2ms -->
          <step title="Cleaning up temp files" date="2025-08-28T12:33:55.771" /><!-- duration: 506ms -->
          <step title="Reloading status file with latest updates" date="2025-08-28T12:33:56.299" >
            <step title="WebHooksManager.PublishEventAsync: PostDeployment" date="2025-08-28T12:33:56.301" /><!-- duration: 26ms -->
          </step><!-- duration: 29ms -->
          <step title="Cleaning up temporary deployment - fetch deployment was successful" date="2025-08-28T12:33:56.330" /><!-- duration: 1ms -->
        </step><!-- duration: 17953ms -->
      </step><!-- duration: 19695ms -->
