<step title="BackgroundTrace" date="2025-08-28T13:17:28.791" instance="7f1a8d" url="/api/publish" method="POST" >
  <step title="Cleanup Xml Logs" date="2025-08-28T13:17:28.792" /><!-- duration: 4ms -->
  <step title="Creating temporary deployment - FetchDeploymentManager" date="2025-08-28T13:17:28.818" /><!-- duration: 1ms -->
  <step title="Creating temporary deployment" date="2025-08-28T13:17:28.820" /><!-- duration: 66ms -->
  <step title="Performing fetch based deployment" date="2025-08-28T13:17:28.896" >
    <step title="Cleaning up temp folders from previous zip deployments and extracting pushed zip file /tmp/zipdeploy/ccdfa6b1-9f12-4f66-9b9a-91c2f59003d2.zip (135.45 MB) to /tmp/zipdeploy/extracted" date="2025-08-28T13:17:30.022" >
      <step title="ChmodRecursive Process exited with total time taken in ms: 293" date="2025-08-28T13:18:15.972" /><!-- duration: 2ms -->
    </step><!-- duration: 45954ms -->
    <step title="Deployment timer started" date="2025-08-28T13:18:17.980" >
      <step title="DeploymentManager.Deploy(id:31408bfe-0c4a-4d88-be22-c2dd307e3e8f)" date="2025-08-28T13:18:17.983" >
        <step title="Collecting changeset information" date="2025-08-28T13:18:17.989" /><!-- duration: 116ms -->
        <step title="Updating submodules" date="2025-08-28T13:18:18.108" /><!-- duration: 1088ms -->
        <step title="Determining deployment builder" date="2025-08-28T13:18:19.375" >
          <step title="Builder is OneDeployBuilder" date="2025-08-28T13:18:19.379" /><!-- duration: 1ms -->
        </step><!-- duration: 6ms -->
        <step title="PreDeployment: context.CleanOutputPath False" date="2025-08-28T13:18:19.404" >
          <step title="PreDeployment: context.OutputPath /home/site/wwwroot" date="2025-08-28T13:18:19.489" >
            <step title="Building" date="2025-08-28T13:18:19.563" >
              <step title="Executing external process" date="2025-08-28T13:18:20.023" type="process" path="starter.sh" arguments="/opt/Kudu/Scripts/absoluteTar.sh /tmp/zipdeploy/extracted/node_modules /tmp/zipdeploy/extracted/node_modules.tar.gz" /><!-- duration: 12084ms -->
              <step title="Executing external process" date="2025-08-28T13:18:32.264" type="process" path="starter.sh" arguments="/opt/Kudu/Scripts/parallel_rsync.sh /tmp/zipdeploy/extracted /home/site/wwwroot 8 /tmp/ False False node_modules " /><!-- duration: 4280ms -->
              <step title="Modified file to trigger a restart of the app container." date="2025-08-28T13:18:37.121" /><!-- duration: 1ms -->
              <step title="Skip function trigger and logicapp sync because function is not enabled." date="2025-08-28T13:18:37.124" /><!-- duration: 1ms -->
            </step><!-- duration: 18388ms -->
          </step><!-- duration: 18466ms -->
          <step title="Cleaning up temp files" date="2025-08-28T13:18:37.957" /><!-- duration: 9ms -->
          <step title="Cleaning up temp files" date="2025-08-28T13:18:37.967" /><!-- duration: 502ms -->
          <step title="Reloading status file with latest updates" date="2025-08-28T13:18:38.493" >
            <step title="WebHooksManager.PublishEventAsync: PostDeployment" date="2025-08-28T13:18:38.495" /><!-- duration: 23ms -->
          </step><!-- duration: 27ms -->
          <step title="Cleaning up temporary deployment - fetch deployment was successful" date="2025-08-28T13:18:38.522" /><!-- duration: 1ms -->
        </step><!-- duration: 19167ms -->
      </step><!-- duration: 20595ms -->
