<step title="Incoming Request" date="2025-08-28T16:41:40.258" instance="7f1a8d" url="/api/zipdeploy?isAsync=true" method="POST" type="request" pid="820,1,26" Accept="*/*" Host="samdashboardapi.scm.azurewebsites.net" User-Agent="AZURECLI/2.76.0 (MSI)" Accept-Encoding="gzip, deflate" Authorization="Bea..." Cache-Control="no-cache" Content-Type="application/octet-stream" Cookie="ARRAffinity=7f1a8d376a83fdb83d78d08c3afa570b9eb71dbd4ed444b8e2a36ca0d9c4345c; ARRAffinitySameSite=7f1a8d376a83fdb83d78d08c3afa570b9eb71dbd4ed444b8e2a36ca0d9c4345c" Content-Length="10260463" x-ms-client-request-id="d9f7b5bd-842d-11f0-92a0-fcb0de71a262" x-ms-artifact-checksum="833377382bf770ca966aa1955f48b7d849775888cc5640d929daf7b2534da9cb" X-ARR-LOG-ID="d9f7b5bd-842d-11f0-92a0-fcb0de71a262" CLIENT-IP="102.66.125.105:52060" X-SITE-DEPLOYMENT-ID="samdashboardapi" WAS-DEFAULT-HOSTNAME="samdashboardapi.scm.azurewebsites.net" X-Forwarded-Proto="https" X-AppService-Proto="https" X-Forwarded-TlsVersion="1.3" X-WAWS-Unencoded-URL="/api/zipdeploy?isAsync=true" X-Client-IP="102.66.125.105" X-Client-Port="52060" >
  <step title="ZipPushDeploy" date="2025-08-28T16:41:40.264" >
    <step title="ZipDeploy. Extract zip." date="2025-08-28T16:41:40.270" /><!-- duration: 3ms -->
    <step title="Starting PushDeployAsync" date="2025-08-28T16:41:40.276" /><!-- duration: 2ms -->
    <step title="Writing artifact to /tmp/zipdeploy/5b099663-d99c-4cf2-8077-097efbb62e48.zip" date="2025-08-28T16:41:40.283" >
      <step title="Writing multipart request body to /tmp/zipdeploy/5b099663-d99c-4cf2-8077-097efbb62e48.zip" date="2025-08-28T16:41:40.285" /><!-- duration: 1ms -->
    </step><!-- duration: 190ms -->
    <step title="Start deployment in the background" date="2025-08-28T16:41:40.477" >
      <step title="Acquiring Deployment Lock" date="2025-08-28T16:41:40.483" /><!-- duration: 1ms -->
      <step title="Acquired Deployment Lock" date="2025-08-28T16:41:40.508" /><!-- duration: 1ms -->
    </step><!-- duration: 92ms -->
  </step><!-- duration: 306ms -->
  <step title="Outgoing response" date="2025-08-28T16:41:40.573" type="response" statusCode="202" statusText="Accepted" /><!-- duration: 1ms -->
</step><!-- duration: 318ms -->
