﻿<?xml version="1.0" encoding="utf-8"?>
<deployment>
  <id>727fe1f8-abbe-481c-becb-130d221bdfbb</id>
  <author>N/A</author>
  <deployer>OneDeploy</deployer>
  <authorEmail>N/A</authorEmail>
  <message>OneDeploy</message>
  <progress></progress>
  <status>Success</status>
  <statusText></statusText>
  <lastSuccessEndTime>2025-08-28T12:46:10.587071Z</lastSuccessEndTime>
  <receivedTime>2025-08-28T12:45:51.1112582Z</receivedTime>
  <startTime>2025-08-28T12:45:52.3865542Z</startTime>
  <endTime>2025-08-28T12:46:10.587071Z</endTime>
  <complete>True</complete>
  <is_temp>False</is_temp>
  <is_readonly>True</is_readonly>
  <buildSummary />
</deployment>