﻿<?xml version="1.0" encoding="utf-8"?>
<deployment>
  <id>f2dfd94f-8673-4b3b-84ac-eb1ee71e6c6c</id>
  <author>N/A</author>
  <deployer>OneDeploy</deployer>
  <authorEmail>N/A</authorEmail>
  <message>OneDeploy</message>
  <progress></progress>
  <status>Success</status>
  <statusText></statusText>
  <lastSuccessEndTime>2025-08-28T12:22:49.2587782Z</lastSuccessEndTime>
  <receivedTime>2025-08-28T12:22:30.1311754Z</receivedTime>
  <startTime>2025-08-28T12:22:31.4314467Z</startTime>
  <endTime>2025-08-28T12:22:49.2587782Z</endTime>
  <complete>True</complete>
  <is_temp>False</is_temp>
  <is_readonly>True</is_readonly>
  <buildSummary />
</deployment>