﻿<?xml version="1.0" encoding="utf-8"?>
<deployment>
  <id>5c192758-313d-4148-95d3-6f54281bd7b1</id>
  <author>N/A</author>
  <deployer>OneDeploy</deployer>
  <authorEmail>N/A</authorEmail>
  <message>OneDeploy</message>
  <progress></progress>
  <status>Success</status>
  <statusText></statusText>
  <lastSuccessEndTime>2025-08-28T16:06:01.4322798Z</lastSuccessEndTime>
  <receivedTime>2025-08-28T16:05:39.5419471Z</receivedTime>
  <startTime>2025-08-28T16:05:40.7670798Z</startTime>
  <endTime>2025-08-28T16:06:01.4322798Z</endTime>
  <complete>True</complete>
  <is_temp>False</is_temp>
  <is_readonly>True</is_readonly>
  <buildSummary />
</deployment>