<step title="Incoming Request" date="2025-08-28T13:35:29.909" instance="7f1a8d" url="/api/publish?async=true&amp;deployer=GITHUB_ONE_DEPLOY&amp;type=zip&amp;message=%7B%22type%22%3A%22deployment%22%2C%22sha%22%3A%228fa65508fad25d43344eed5975b677008ce79501%22%2C%22repoName%22%3A%22JPRoelofseDevforge%2Fsam2%22%2C%22actor%22%3A%22RustedFrost%22%2C%22slotName%22%3A%22Production%22%2C%22commitMessage%22%3A%22crying%22%7D" method="POST" type="request" pid="822,1,5" Host="samdashboardapi.scm.azurewebsites.net" User-Agent="GITHUBACTIONS_DeployWebAppToAzure_19c9d7508924a527ab10b75d8dbb4827cb35707276962fd3a666e3ae3b53fd43" Authorization="Bea..." Content-Type="application/octet-stream" Cookie="ARRAffinity=7f1a8d376a83fdb83d78d08c3afa570b9eb71dbd4ed444b8e2a36ca0d9c4345c;Path=/;HttpOnly;Secure;Domain=samdashboardapi.scm.azurewebsites.net; ARRAffinitySameSite=7f1a8d376a83fdb83d78d08c3afa570b9eb71dbd4ed444b8e2a36ca0d9c4345c;Path=/;HttpOnly;SameSite=None;Secure;Domain=samdashboardapi.scm.azurewebsites.net" Transfer-Encoding="chunked" X-ARR-LOG-ID="fed13aac-1c42-460a-9332-b7415902f895" CLIENT-IP="48.211.213.32:60352" X-SITE-DEPLOYMENT-ID="samdashboardapi" WAS-DEFAULT-HOSTNAME="samdashboardapi.scm.azurewebsites.net" X-Forwarded-Proto="https" X-AppService-Proto="https" X-Forwarded-TlsVersion="1.3" X-WAWS-Unencoded-URL="/api/publish?async=true&amp;deployer=GITHUB_ONE_DEPLOY&amp;type=zip&amp;message=%7B%22type%22%3A%22deployment%22%2C%22sha%22%3A%228fa65508fad25d43344eed5975b677008ce79501%22%2C%22repoName%22%3A%22JPRoelofseDevforge%2Fsam2%22%2C%22actor%22%3A%22RustedFrost%22%2C%22slotName%22%3A%22Production%22%2C%22commitMessage%22%3A%22crying%22%7D" X-Client-IP="48.211.213.32" X-Client-Port="60352" >
  <step title="Cleanup Xml Logs" date="2025-08-28T13:35:29.910" /><!-- duration: 4ms -->
  <step title="OneDeploy" date="2025-08-28T13:35:29.919" >
    <step title="Starting PushDeployAsync" date="2025-08-28T13:35:29.922" /><!-- duration: 1ms -->
    <step title="Removing node_modules symlink" date="2025-08-28T13:35:29.935" >
      <step title="Writing artifact to /tmp/zipdeploy/71ec5c72-c0f0-4a37-aa25-6f48023bc67d.zip" date="2025-08-28T13:35:29.946" >
        <step title="Writing multipart request body to /tmp/zipdeploy/71ec5c72-c0f0-4a37-aa25-6f48023bc67d.zip" date="2025-08-28T13:35:29.948" /><!-- duration: 1ms -->
      </step><!-- duration: 9481ms -->
      <step title="Start deployment in the background" date="2025-08-28T13:35:39.435" >
        <step title="Acquiring Deployment Lock" date="2025-08-28T13:35:39.455" /><!-- duration: 1ms -->
        <step title="Acquired Deployment Lock" date="2025-08-28T13:35:39.470" /><!-- duration: 1ms -->
      </step><!-- duration: 76ms -->
    </step><!-- duration: 9578ms -->
    <step title="Outgoing response" date="2025-08-28T13:35:39.514" type="response" statusCode="202" statusText="Accepted" /><!-- duration: 1ms -->
  </step><!-- duration: 9598ms -->
