<step title="BackgroundTrace" date="2025-08-28T12:21:47.525" instance="7f1a8d" url="/api/publish" method="POST" >
  <step title="Cleanup Xml Logs" date="2025-08-28T12:21:47.527" /><!-- duration: 4ms -->
  <step title="Creating temporary deployment - FetchDeploymentManager" date="2025-08-28T12:21:47.552" /><!-- duration: 1ms -->
  <step title="Creating temporary deployment" date="2025-08-28T12:21:47.555" /><!-- duration: 54ms -->
  <step title="Performing fetch based deployment" date="2025-08-28T12:21:47.619" >
    <step title="Cleaning up temp folders from previous zip deployments and extracting pushed zip file /tmp/zipdeploy/62cac0a1-4ba3-4489-9580-c1d02121bec3.zip (135.44 MB) to /tmp/zipdeploy/extracted" date="2025-08-28T12:21:48.737" >
      <step title="ChmodRecursive Process exited with total time taken in ms: 293" date="2025-08-28T12:22:28.089" /><!-- duration: 1ms -->
    </step><!-- duration: 39355ms -->
    <step title="Deployment timer started" date="2025-08-28T12:22:30.095" >
      <step title="DeploymentManager.Deploy(id:f2dfd94f-8673-4b3b-84ac-eb1ee71e6c6c)" date="2025-08-28T12:22:30.097" >
        <step title="Collecting changeset information" date="2025-08-28T12:22:30.106" /><!-- duration: 82ms -->
        <step title="Updating submodules" date="2025-08-28T12:22:30.190" /><!-- duration: 1087ms -->
        <step title="Determining deployment builder" date="2025-08-28T12:22:31.470" >
          <step title="Builder is OneDeployBuilder" date="2025-08-28T12:22:31.476" /><!-- duration: 2ms -->
        </step><!-- duration: 11ms -->
        <step title="PreDeployment: context.CleanOutputPath False" date="2025-08-28T12:22:31.538" >
          <step title="PreDeployment: context.OutputPath /home/site/wwwroot" date="2025-08-28T12:22:31.927" >
            <step title="Building" date="2025-08-28T12:22:32.021" >
              <step title="Executing external process" date="2025-08-28T12:22:32.495" type="process" path="starter.sh" arguments="/opt/Kudu/Scripts/absoluteTar.sh /tmp/zipdeploy/extracted/node_modules /tmp/zipdeploy/extracted/node_modules.tar.gz" /><!-- duration: 11389ms -->
              <step title="Executing external process" date="2025-08-28T12:22:44.094" type="process" path="starter.sh" arguments="/opt/Kudu/Scripts/parallel_rsync.sh /tmp/zipdeploy/extracted /home/site/wwwroot 8 /tmp/ False False node_modules " /><!-- duration: 4332ms -->
              <step title="Modified file to trigger a restart of the app container." date="2025-08-28T12:22:48.948" /><!-- duration: 2ms -->
              <step title="Skip function trigger and logicapp sync because function is not enabled." date="2025-08-28T12:22:48.954" /><!-- duration: 1ms -->
            </step><!-- duration: 17582ms -->
          </step><!-- duration: 17680ms -->
          <step title="Cleaning up temp files" date="2025-08-28T12:22:49.608" /><!-- duration: 2ms -->
          <step title="Cleaning up temp files" date="2025-08-28T12:22:49.614" /><!-- duration: 502ms -->
          <step title="Reloading status file with latest updates" date="2025-08-28T12:22:50.149" >
            <step title="WebHooksManager.PublishEventAsync: PostDeployment" date="2025-08-28T12:22:50.151" /><!-- duration: 13ms -->
          </step><!-- duration: 16ms -->
          <step title="Cleaning up temporary deployment - fetch deployment was successful" date="2025-08-28T12:22:50.167" /><!-- duration: 1ms -->
        </step><!-- duration: 18685ms -->
      </step><!-- duration: 20132ms -->
