<step title="BackgroundTrace" date="2025-08-28T08:59:18.779" instance="cffa60" url="/api/publish" method="POST" >
  <step title="Cleanup Xml Logs" date="2025-08-28T08:59:18.791" /><!-- duration: 6ms -->
  <step title="Creating temporary deployment - FetchDeploymentManager" date="2025-08-28T08:59:18.866" /><!-- duration: 3ms -->
  <step title="Creating temporary deployment" date="2025-08-28T08:59:18.872" /><!-- duration: 76ms -->
  <step title="Performing fetch based deployment" date="2025-08-28T08:59:18.977" >
    <step title="Cleaning up temp folders from previous zip deployments and extracting pushed zip file /tmp/zipdeploy/612989bc-1bdd-462c-a0b6-583801a5b1b7.zip (135.44 MB) to /tmp/zipdeploy/extracted" date="2025-08-28T08:59:20.116" >
      <step title="ChmodRecursive Process exited with total time taken in ms: 298" date="2025-08-28T08:59:26.112" /><!-- duration: 7ms -->
    </step><!-- duration: 6006ms -->
    <step title="Deployment timer started" date="2025-08-28T08:59:28.130" >
      <step title="DeploymentManager.Deploy(id:4146758b-2c1b-4c1c-83b5-89c496695ebc)" date="2025-08-28T08:59:28.137" >
        <step title="Collecting changeset information" date="2025-08-28T08:59:28.158" /><!-- duration: 92ms -->
        <step title="Updating submodules" date="2025-08-28T08:59:28.256" /><!-- duration: 1107ms -->
        <step title="Determining deployment builder" date="2025-08-28T08:59:29.528" >
          <step title="Builder is OneDeployBuilder" date="2025-08-28T08:59:29.539" /><!-- duration: 3ms -->
        </step><!-- duration: 17ms -->
        <step title="PreDeployment: context.CleanOutputPath False" date="2025-08-28T08:59:29.589" >
          <step title="PreDeployment: context.OutputPath /home/site/wwwroot" date="2025-08-28T08:59:29.690" >
            <step title="Building" date="2025-08-28T08:59:29.782" >
              <step title="Executing external process" date="2025-08-28T08:59:30.264" type="process" path="starter.sh" arguments="/opt/Kudu/Scripts/absoluteTar.sh /tmp/zipdeploy/extracted/node_modules /tmp/zipdeploy/extracted/node_modules.tar.gz" /><!-- duration: 11572ms -->
              <step title="Executing external process" date="2025-08-28T08:59:42.054" type="process" path="starter.sh" arguments="/opt/Kudu/Scripts/parallel_rsync.sh /tmp/zipdeploy/extracted /home/site/wwwroot 8 /tmp/ False False node_modules " /><!-- duration: 4475ms -->
              <step title="Modified file to trigger a restart of the app container." date="2025-08-28T08:59:47.136" /><!-- duration: 3ms -->
              <step title="Skip function trigger and logicapp sync because function is not enabled." date="2025-08-28T08:59:47.143" /><!-- duration: 3ms -->
            </step><!-- duration: 18151ms -->
          </step><!-- duration: 18253ms -->
          <step title="Cleaning up temp files" date="2025-08-28T08:59:47.946" /><!-- duration: 4ms -->
          <step title="Cleaning up temp files" date="2025-08-28T08:59:47.953" /><!-- duration: 504ms -->
          <step title="Reloading status file with latest updates" date="2025-08-28T08:59:48.488" >
            <step title="WebHooksManager.PublishEventAsync: PostDeployment" date="2025-08-28T08:59:48.491" /><!-- duration: 29ms -->
          </step><!-- duration: 36ms -->
          <step title="Cleaning up temporary deployment - fetch deployment was successful" date="2025-08-28T08:59:48.529" /><!-- duration: 3ms -->
        </step><!-- duration: 19011ms -->
      </step><!-- duration: 20478ms -->
