<step title="Incoming Request" date="2025-08-28T08:32:24.811" instance="cffa60" url="/api/publish?async=true&amp;deployer=GITHUB_ONE_DEPLOY&amp;type=zip&amp;message=%7B%22type%22%3A%22deployment%22%2C%22sha%22%3A%22522ca8ff274e76ea9fb6a56051b63f0bba0e438a%22%2C%22repoName%22%3A%22JPRoelofseDevforge%2Fsam2%22%2C%22actor%22%3A%22JPRoelofseDevforge%22%2C%22slotName%22%3A%22Production%22%2C%22commitMessage%22%3A%22Merge%20branch%20%27main%27%20of%20github.com%3AJPRoelofseDevforge%2Fsam2%5Cn%3A!qa%5Cn%5Cnmerge%5Cn%5Cnexit%5Cn%5Cnquit%5Cncd%20%27%2Fhome%2Fjp%2FDocuments%2FWork%2FSAM%2Fsam2%27%22%7D" method="POST" type="request" pid="821,1,31" Host="samdashboardapi.scm.azurewebsites.net" User-Agent="GITHUBACTIONS_DeployWebAppToAzure_19c9d7508924a527ab10b75d8dbb4827cb35707276962fd3a666e3ae3b53fd43" Authorization="Bea..." Content-Type="application/octet-stream" Cookie="ARRAffinity=cffa603b527b73222a88daf0b604414660554e5ab36fe7957082eb16607b0ed4;Path=/;HttpOnly;Secure;Domain=samdashboardapi.scm.azurewebsites.net; ARRAffinitySameSite=cffa603b527b73222a88daf0b604414660554e5ab36fe7957082eb16607b0ed4;Path=/;HttpOnly;SameSite=None;Secure;Domain=samdashboardapi.scm.azurewebsites.net" Transfer-Encoding="chunked" X-ARR-LOG-ID="de466ac0-1141-4dc1-a6ee-bfcd400b4786" CLIENT-IP="20.55.13.161:45056" X-SITE-DEPLOYMENT-ID="samdashboardapi" WAS-DEFAULT-HOSTNAME="samdashboardapi.scm.azurewebsites.net" X-Forwarded-Proto="https" X-AppService-Proto="https" X-Forwarded-TlsVersion="1.3" X-WAWS-Unencoded-URL="/api/publish?async=true&amp;deployer=GITHUB_ONE_DEPLOY&amp;type=zip&amp;message=%7B%22type%22%3A%22deployment%22%2C%22sha%22%3A%22522ca8ff274e76ea9fb6a56051b63f0bba0e438a%22%2C%22repoName%22%3A%22JPRoelofseDevforge%2Fsam2%22%2C%22actor%22%3A%22JPRoelofseDevforge%22%2C%22slotName%22%3A%22Production%22%2C%22commitMessage%22%3A%22Merge%20branch%20%27main%27%20of%20github.com%3AJPRoelofseDevforge%2Fsam2%5Cn%3A!qa%5Cn%5Cnmerge%5Cn%5Cnexit%5Cn%5Cnquit%5Cncd%20%27%2Fhome%2Fjp%2FDocuments%2FWork%2FSAM%2Fsam2%27%22%7D" X-Client-IP="20.55.13.161" X-Client-Port="45056" >
  <step title="Cleanup Xml Logs" date="2025-08-28T08:32:24.814" /><!-- duration: 7ms -->
  <step title="OneDeploy" date="2025-08-28T08:32:24.885" >
    <step title="None repository commit" date="2025-08-28T08:32:24.924" >
      <step title="Commit id: 5f344495-c4a6-4ca3-9ef5-1b7662731e94" date="2025-08-28T08:32:24.931" Message="N/A" AuthorName="N/A" AuthorEmail="N/A" /><!-- duration: 3ms -->
    </step><!-- duration: 13ms -->
    <step title="Starting PushDeployAsync" date="2025-08-28T08:32:24.941" /><!-- duration: 3ms -->
    <step title="Writing artifact to /tmp/zipdeploy/bc4ca86d-db18-47e6-86c9-a2cc72b19b05.zip" date="2025-08-28T08:32:24.953" >
      <step title="Writing multipart request body to /tmp/zipdeploy/bc4ca86d-db18-47e6-86c9-a2cc72b19b05.zip" date="2025-08-28T08:32:24.957" /><!-- duration: 3ms -->
    </step><!-- duration: 9240ms -->
    <step title="Start deployment in the background" date="2025-08-28T08:32:34.213" >
      <step title="Acquiring Deployment Lock" date="2025-08-28T08:32:34.236" /><!-- duration: 3ms -->
      <step title="Acquired Deployment Lock" date="2025-08-28T08:32:34.280" /><!-- duration: 3ms -->
    </step><!-- duration: 152ms -->
  </step><!-- duration: 9486ms -->
  <step title="Outgoing response" date="2025-08-28T08:32:34.378" type="response" statusCode="202" statusText="Accepted" /><!-- duration: 3ms -->
</step><!-- duration: 9574ms -->
