﻿<?xml version="1.0" encoding="utf-8"?>
<deployment>
  <id>622484c7-7a30-4367-8eee-282e7c684f60</id>
  <author>N/A</author>
  <deployer>OneDeploy</deployer>
  <authorEmail>N/A</authorEmail>
  <message>OneDeploy</message>
  <progress></progress>
  <status>Success</status>
  <statusText></statusText>
  <lastSuccessEndTime>2025-08-28T14:08:31.8256827Z</lastSuccessEndTime>
  <receivedTime>2025-08-28T14:08:12.5391937Z</receivedTime>
  <startTime>2025-08-28T14:08:13.778325Z</startTime>
  <endTime>2025-08-28T14:08:31.8256827Z</endTime>
  <complete>True</complete>
  <is_temp>False</is_temp>
  <is_readonly>True</is_readonly>
  <buildSummary />
</deployment>