﻿<?xml version="1.0" encoding="utf-8"?>
<deployment>
  <id>b9c38b2b-7e6b-42e1-b67a-888f71718932</id>
  <author>N/A</author>
  <deployer>OneDeploy</deployer>
  <authorEmail>N/A</authorEmail>
  <message>OneDeploy</message>
  <progress></progress>
  <status>Success</status>
  <statusText></statusText>
  <lastSuccessEndTime>2025-08-28T12:33:55.4236827Z</lastSuccessEndTime>
  <receivedTime>2025-08-28T12:33:36.7265669Z</receivedTime>
  <startTime>2025-08-28T12:33:38.3550085Z</startTime>
  <endTime>2025-08-28T12:33:55.4236827Z</endTime>
  <complete>True</complete>
  <is_temp>False</is_temp>
  <is_readonly>True</is_readonly>
  <buildSummary />
</deployment>