﻿<?xml version="1.0" encoding="utf-8"?>
<deployment>
  <id>323c643a-5929-4350-b496-b417759ed0a6</id>
  <author>N/A</author>
  <deployer>Push-Deployer</deployer>
  <authorEmail>N/A</authorEmail>
  <message>Created via a push deployment</message>
  <progress></progress>
  <status>Failed</status>
  <statusText></statusText>
  <lastSuccessEndTime />
  <receivedTime>2025-08-28T17:02:25.8628194Z</receivedTime>
  <startTime>2025-08-28T17:02:27.0852646Z</startTime>
  <endTime>2025-08-28T17:02:29.7432586Z</endTime>
  <complete>True</complete>
  <is_temp>False</is_temp>
  <is_readonly>True</is_readonly>
  <buildSummary />
</deployment>