﻿<?xml version="1.0" encoding="utf-8"?>
<deployment>
  <id>31408bfe-0c4a-4d88-be22-c2dd307e3e8f</id>
  <author>N/A</author>
  <deployer>OneDeploy</deployer>
  <authorEmail>N/A</authorEmail>
  <message>OneDeploy</message>
  <progress></progress>
  <status>Success</status>
  <statusText></statusText>
  <lastSuccessEndTime>2025-08-28T13:18:37.4285744Z</lastSuccessEndTime>
  <receivedTime>2025-08-28T13:18:18.0159184Z</receivedTime>
  <startTime>2025-08-28T13:18:19.3266371Z</startTime>
  <endTime>2025-08-28T13:18:37.4285744Z</endTime>
  <complete>True</complete>
  <is_temp>False</is_temp>
  <is_readonly>True</is_readonly>
  <buildSummary />
</deployment>