﻿<?xml version="1.0" encoding="utf-8"?>
<deployment>
  <id>da16b666-5c72-4961-a704-7f9c92acb7aa</id>
  <author>N/A</author>
  <deployer>OneDeploy</deployer>
  <authorEmail>N/A</authorEmail>
  <message>OneDeploy</message>
  <progress></progress>
  <status>Success</status>
  <statusText></statusText>
  <lastSuccessEndTime>2025-08-28T13:36:48.3349941Z</lastSuccessEndTime>
  <receivedTime>2025-08-28T13:36:30.1720915Z</receivedTime>
  <startTime>2025-08-28T13:36:31.4080364Z</startTime>
  <endTime>2025-08-28T13:36:48.3349941Z</endTime>
  <complete>True</complete>
  <is_temp>False</is_temp>
  <is_readonly>True</is_readonly>
  <buildSummary />
</deployment>