﻿<?xml version="1.0" encoding="utf-8"?>
<deployment>
  <id>66f0f29d-0a87-46e1-b4ad-3ec1e602c447</id>
  <author>N/A</author>
  <deployer>OneDeploy</deployer>
  <authorEmail>N/A</authorEmail>
  <message>OneDeploy</message>
  <progress></progress>
  <status>Success</status>
  <statusText></statusText>
  <lastSuccessEndTime>2025-08-28T14:19:19.5882582Z</lastSuccessEndTime>
  <receivedTime>2025-08-28T14:19:01.3604137Z</receivedTime>
  <startTime>2025-08-28T14:19:02.6256973Z</startTime>
  <endTime>2025-08-28T14:19:19.5882582Z</endTime>
  <complete>True</complete>
  <is_temp>False</is_temp>
  <is_readonly>True</is_readonly>
  <buildSummary />
</deployment>